# French Gulch, CA USGS ortho imagery sample
# Source: USGSImageryOnly MapServer export
# Units: sRGB 0-255
63:74:63,54:76:64,61:70:62,34:60:46,14:30:31,43:59:50,96:96:71,124:124:97,66:80:66,81:92:74,132:145:133,52:64:60,61:74:65,57:70:63,81:93:74,72:84:75,59:71:56,60:77:62,66:89:67,64:73:65,66:86:66,64:78:61,71:79:60,116:112:87,78:85:63,82:88:66,108:107:82,65:82:58,107:104:85,136:123:96,133:123:98,87:93:72,83:87:72,148:133:102,155:141:112,108:108:84,128:121:101,121:114:93,115:113:93,97:102:82,120:119:91,113:111:95,109:114:98,99:99:83,138:132:104,142:133:109,142:133:105,63:66:56,147:144:122,124:121:113,136:131:119,58:85:66,146:148:121,38:44:53,49:55:56,117:107:94,69:71:67,99:102:94,73:80:73,77:85:69,59:76:66,69:77:69,60:82:62,65:82:71,61:76:63
57:71:54,58:65:54,66:84:75,34:58:43,33:47:39,42:60:44,114:117:100,105:102:82,60:76:63,93:105:85,98:106:83,58:75:64,71:84:67,71:77:63,64:75:61,72:85:67,93:96:79,108:103:84,74:89:68,76:95:75,96:108:87,82:91:70,92:95:75,151:145:121,171:165:141,118:113:91,108:103:81,123:126:103,113:106:88,126:119:97,153:138:117,145:139:117,128:126:105,81:85:68,128:112:89,142:131:104,99:101:87,115:108:90,119:107:86,144:127:99,133:119:92,128:121:102,112:107:94,132:124:93,128:125:106,127:123:104,135:142:106,111:111:92,158:153:127,141:134:118,148:146:126,172:172:148,41:72:59,161:148:122,42:47:58,95:85:75,117:114:101,94:91:72,106:103:81,107:101:84,111:103:83,66:80:73,98:103:83,61:73:66,91:104:94
94:102:81,57:75:58,121:117:102,42:74:56,35:54:44,53:68:64,62:82:69,153:148:118,80:85:78,90:94:80,82:89:71,81:87:73,74:80:62,92:96:82,117:114:99,72:88:75,51:66:55,151:145:112,78:93:71,74:92:73,74:84:67,120:120:98,120:120:100,95:92:71,96:96:78,156:150:138,121:128:102,88:94:68,118:117:96,139:131:110,118:112:98,138:132:116,146:132:107,74:86:66,137:123:97,145:130:100,127:115:91,105:112:88,156:140:116,132:118:92,133:121:103,109:102:91,131:129:115,127:120:101,87:103:73,137:136:114,176:174:153,127:115:101,93:95:79,139:133:113,64:86:74,148:147:130,27:34:44,55:79:62,76:87:74,44:53:55,59:72:67,83:95:83,81:83:69,67:72:68,40:51:47,45:59:59,67:77:70,92:91:75,127:111:90
74:86:72,72:90:74,31:49:39,55:73:59,40:58:52,41:76:50,50:76:49,62:69:60,54:68:62,82:89:74,89:88:75,71:78:68,83:84:68,91:90:76,95:96:83,57:70:53,55:71:57,78:83:64,76:89:79,56:69:53,93:98:82,105:105:84,90:96:67,109:113:86,107:105:82,134:127:104,111:114:87,118:113:89,85:83:63,133:130:108,119:121:99,105:102:85,91:89:77,85:87:75,115:118:107,116:115:94,120:115:96,102:100:83,108:106:87,133:123:100,153:143:112,204:191:158,142:128:100,118:115:97,158:153:123,131:125:106,35:49:54,138:126:109,42:41:34,104:100:90,77:102:74,83:106:81,79:89:88,62:68:70,53:66:60,62:70:71,73:76:63,69:73:62,67:72:67,60:66:55,99:101:89,89:90:72,124:109:86,136:119:96,130:112:93
54:72:64,61:76:65,53:69:59,62:74:65,26:47:34,54:76:56,48:61:53,37:52:40,52:61:48,66:69:65,67:84:67,64:77:59,78:100:81,106:113:92,96:95:82,79:84:76,83:88:73,82:93:82,86:95:79,82:92:74,117:117:95,116:117:97,125:119:98,79:84:72,154:146:122,156:151:135,113:117:94,101:111:84,127:116:100,106:107:82,95:94:73,135:129:103,131:130:112,79:86:73,139:133:108,84:90:72,99:97:82,127:126:107,102:99:76,144:140:114,110:106:86,159:146:123,171:166:141,138:132:104,176:175:155,160:143:118,150:149:130,44:53:60,127:118:106,67:96:76,27:44:41,27:36:44,78:82:74,66:70:62,46:51:60,95:90:80,21:26:35,77:77:68,58:67:65,97:102:88,103:101:87,147:132:99,131:115:90,137:119:99,150:134:112
47:67:56,70:90:77,58:79:67,62:83:71,89:89:78,38:58:46,23:38:39,37:63:49,113:119:108,38:62:47,103:106:92,83:90:70,68:82:64,113:110:100,153:144:122,91:87:74,100:105:90,65:71:59,73:86:74,101:104:81,92:98:82,111:115:93,95:95:81,111:105:90,72:84:69,80:85:63,69:83:65,102:100:79,108:113:95,92:92:72,107:108:85,96:98:86,117:109:93,99:95:79,101:101:85,62:96:59,133:135:112,159:163:140,75:94:73,156:151:126,131:139:124,156:145:128,78:109:75,43:49:48,126:117:101,152:140:127,35:69:46,55:86:62,22:36:45,69:84:78,50:65:60,69:78:74,102:103:97,65:68:64,43:51:48,78:78:66,84:82:65,129:118:97,114:108:92,123:115:91,133:121:97,144:134:106,153:137:111,134:122:96,134:121:101
55:79:65,118:122:106,105:117:103,74:85:77,62:79:65,82:91:73,30:49:49,38:60:38,36:58:47,44:66:57,51:75:61,112:121:101,130:136:99,36:45:30,69:71:56,112:110:97,54:68:52,62:76:63,71:85:70,114:104:79,136:130:108,76:75:60,123:125:104,72:86:60,71:83:66,89:102:84,68:80:66,80:82:64,64:72:59,77:86:69,104:107:93,102:96:77,93:96:79,129:123:101,145:140:111,127:124:97,71:107:85,66:93:77,22:56:32,79:116:73,21:52:39,123:122:102,62:96:76,44:75:63,57:89:74,37:52:54,54:64:57,39:56:51,39:49:49,96:97:93,62:73:72,70:78:77,108:102:80,98:101:87,122:114:99,106:101:89,123:110:93,132:120:94,141:125:99,139:127:101,122:109:90,128:116:92,139:123:98,152:139:111,123:118:97
116:111:87,71:86:76,54:71:61,56:78:63,59:80:70,47:65:55,39:59:44,41:74:52,49:60:52,88:94:80,47:65:53,33:55:43,64:91:61,119:122:92,99:95:81,108:105:92,79:81:69,69:75:61,69:75:70,124:118:91,129:123:100,145:135:112,122:117:92,113:111:92,133:135:107,91:96:74,76:84:67,77:84:63,99:101:87,113:120:98,105:106:84,94:97:78,154:148:124,151:145:120,138:134:125,65:96:79,105:120:102,142:144:122,132:143:119,100:115:93,125:127:96,47:71:61,122:125:111,64:71:62,102:110:94,102:102:90,73:75:72,122:119:104,87:90:82,117:113:96,109:109:96,138:136:122,99:102:83,110:107:94,118:116:101,77:79:72,122:115:100,115:108:90,133:119:93,143:127:102,142:129:108,140:124:99,143:129:103,126:122:94,72:74:66
93:89:58,62:73:65,50:65:58,44:59:49,48:69:60,55:77:65,47:58:55,32:66:47,54:59:49,80:81:71,56:73:66,104:107:93,102:103:89,71:84:66,72:77:64,78:85:73,92:95:78,140:129:109,105:97:74,119:116:97,152:145:117,112:106:83,91:90:69,96:95:74,124:119:99,126:124:101,108:108:84,90:90:76,113:111:88,149:150:123,155:150:125,148:146:123,147:139:114,154:150:123,155:149:125,46:75:56,60:95:73,84:83:76,130:129:104,154:149:129,115:113:96,19:39:36,21:36:39,47:66:53,183:177:145,30:46:45,51:72:64,27:40:42,28:46:45,109:105:94,95:105:96,106:100:81,132:126:104,132:127:106,85:85:77,89:89:81,136:129:112,121:117:106,135:128:110,164:155:134,122:113:98,140:122:100,126:115:93,158:146:120,88:82:65
92:98:85,61:76:59,122:117:85,110:102:84,73:73:63,103:101:84,58:75:64,50:67:59,29:51:40,61:82:73,35:49:46,102:113:100,71:74:61,139:140:122,108:113:95,116:117:101,66:77:60,102:100:88,93:96:76,84:86:65,69:75:59,149:140:121,102:98:76,157:157:131,131:125:102,140:138:115,133:128:109,104:106:85,149:142:123,104:107:90,144:138:119,96:99:80,88:93:79,143:137:111,65:82:66,75:104:78,121:118:101,123:123:107,167:163:144,182:182:169,106:105:92,60:78:67,79:92:82,70:93:78,48:69:58,16:35:37,54:64:67,36:59:53,62:70:72,51:79:61,45:61:57,48:69:58,36:67:47,106:104:96,73:75:61,106:105:92,137:133:121,94:90:71,126:120:103,134:126:108,99:96:83,116:112:93,114:107:91,70:69:63,120:114:92
77:91:78,67:81:64,84:96:78,57:69:58,59:75:65,57:73:70,61:76:63,75:89:76,39:61:51,47:76:59,18:30:28,92:95:78,84:90:76,82:83:69,94:91:73,86:89:71,87:88:82,90:94:85,110:109:86,79:94:71,88:94:71,95:96:73,112:112:90,157:155:132,139:138:117,111:109:84,82:98:73,153:147:119,141:135:111,124:122:104,88:86:72,104:110:94,112:120:101,92:98:66,85:121:95,125:133:116,41:62:47,174:168:141,40:59:57,50:52:44,86:83:70,108:109:91,78:83:79,111:114:93,41:62:52,43:66:57,31:51:50,29:52:40,59:70:60,50:70:62,32:47:47,84:94:79,89:105:88,44:73:63,30:53:45,112:117:87,48:59:58,128:136:111,141:133:111,134:129:109,74:102:72,145:150:131,145:144:123,128:120:98,103:101:88
76:84:71,67:84:65,95:104:79,66:74:57,96:99:83,58:81:63,60:73:63,52:77:60,30:55:51,67:78:65,75:78:67,103:101:90,83:87:74,84:87:73,91:90:78,122:120:108,95:95:76,99:100:83,136:129:101,97:102:83,90:106:75,88:92:71,98:97:75,100:100:82,95:93:74,89:82:57,136:136:118,87:93:79,133:125:106,74:88:77,78:89:72,134:133:112,94:102:89,109:111:88,20:30:41,45:74:50,136:128:115,73:89:70,136:135:117,86:88:80,85:84:71,73:77:69,55:67:57,73:78:71,45:62:54,49:66:60,42:61:58,89:90:81,122:114:95,106:103:85,68:78:66,58:69:61,74:80:69,33:55:50,65:77:68,54:72:64,41:60:58,57:83:67,59:83:66,15:30:30,41:55:55,38:48:52,59:76:57,54:72:67,166:155:143
112:105:86,86:95:79,57:81:64,58:74:64,76:92:81,80:94:81,65:76:71,45:62:59,69:95:70,34:39:37,61:77:66,96:101:87,80:92:75,59:67:58,106:106:89,100:97:78,87:88:73,111:108:93,117:115:96,127:119:100,138:138:109,78:92:71,87:90:68,115:110:88,124:119:97,116:113:85,141:136:112,126:121:104,71:91:71,80:83:69,123:126:104,124:121:99,65:80:65,111:110:98,61:86:64,51:85:58,152:152:132,119:120:100,107:108:101,70:72:65,120:116:100,70:74:67,92:100:92,73:85:74,33:47:42,44:68:55,104:101:93,143:136:112,98:93:73,84:92:77,72:85:76,73:84:72,104:104:84,77:88:73,88:90:82,24:37:41,65:65:57,70:82:69,47:65:63,54:69:56,82:91:81,64:79:69,50:68:64,35:53:50,25:48:33
81:94:84,111:104:88,67:78:63,96:105:88,51:64:56,109:121:101,48:73:61,50:70:64,65:81:69,52:65:53,60:76:66,76:80:66,115:112:93,120:117:98,102:102:89,119:118:100,95:91:74,86:83:70,90:85:65,143:130:98,135:126:95,112:106:80,109:110:92,136:128:105,158:159:138,124:119:100,138:133:109,113:114:95,115:113:94,128:126:101,112:108:89,132:133:103,114:120:113,171:167:138,57:90:63,95:106:95,134:137:116,153:151:136,90:85:77,111:116:110,131:125:110,72:74:63,59:59:60,67:83:77,53:61:50,74:80:70,70:83:66,86:90:70,71:77:64,96:100:77,61:72:56,119:112:94,68:75:66,94:101:78,113:118:104,75:86:74,106:107:92,31:52:45,38:57:51,71:90:72,82:89:82,134:129:105,80:89:72,82:95:79,72:89:78
77:86:67,72:86:67,70:77:64,58:76:65,75:86:66,54:77:61,51:71:60,41:62:53,64:87:71,81:85:66,94:103:86,65:77:67,121:116:97,111:102:76,134:131:114,81:86:74,74:83:64,83:85:69,58:66:61,131:116:87,123:114:85,112:106:82,132:124:88,123:121:100,91:97:77,140:134:104,130:125:102,120:116:96,85:95:71,63:74:67,61:78:63,129:128:96,156:149:125,95:98:77,68:101:72,81:91:97,67:83:70,171:170:150,115:113:94,104:104:93,103:100:86,99:101:83,86:88:82,95:102:96,70:80:76,99:100:87,83:91:79,55:69:66,83:89:76,68:81:64,54:71:62,97:97:86,74:77:63,65:78:73,67:87:78,103:111:94,43:56:47,54:77:61,37:47:44,85:90:74,88:96:83,106:109:85,111:115:100,69:76:66,92:99:80
116:116:105,89:93:71,81:87:70,73:84:70,82:86:70,50:70:61,58:70:65,66:79:70,77:87:76,67:74:60,60:67:59,79:82:72,90:92:80,80:83:72,75:69:60,69:71:58,75:78:66,86:89:80,96:94:77,111:103:78,127:115:89,126:119:92,138:128:100,120:114:90,96:97:79,100:93:77,90:88:73,90:90:73,110:111:99,103:105:89,77:95:72,147:142:118,154:157:131,151:144:120,60:90:68,103:119:116,107:112:111,171:163:144,104:104:90,132:126:114,102:102:87,91:95:82,110:111:105,94:94:81,74:76:66,75:94:78,101:103:86,87:90:79,64:83:73,62:77:67,85:90:73,75:80:77,41:56:50,75:88:68,70:81:66,50:67:61,55:78:60,55:81:59,101:101:86,71:77:56,85:88:65,95:96:75,83:89:79,72:82:65,81:88:69
128:123:111,116:109:95,120:119:98,80:87:79,82:93:79,59:74:61,56:73:62,64:82:65,85:87:73,67:74:61,84:87:69,80:88:73,109:107:93,80:84:70,79:83:68,96:94:80,126:116:88,96:96:74,109:103:77,114:113:95,87:89:75,111:110:86,113:107:85,124:120:98,115:113:92,89:93:71,100:99:80,130:123:102,98:96:84,81:88:72,66:78:56,111:105:81,95:94:70,175:170:138,16:43:38,124:137:112,121:116:100,131:137:117,80:83:70,132:126:106,127:125:104,134:133:111,128:125:107,151:149:132,135:134:117,98:99:88,80:79:66,116:111:89,87:88:73,63:81:69,88:94:68,57:75:66,96:106:85,72:88:70,98:103:81,83:91:70,66:75:66,63:74:66,55:71:60,82:99:82,85:96:80,79:88:70,94:104:94,100:105:85,70:81:64
91:92:80,138:132:107,132:124:108,83:91:80,96:104:92,108:108:83,79:91:76,58:79:64,86:107:81,126:122:99,107:102:83,69:68:56,80:84:70,104:105:91,118:112:88,116:105:78,110:106:85,103:104:88,134:128:102,160:149:127,103:108:82,80:90:74,79:84:62,94:104:84,107:110:87,124:129:99,138:131:102,126:119:100,100:95:78,123:112:92,133:129:110,160:155:125,176:166:140,165:168:140,46:77:59,36:56:55,116:121:100,127:124:108,119:121:102,131:124:108,81:84:74,126:124:102,110:115:101,74:77:68,138:140:118,122:121:103,107:103:91,98:99:85,71:76:64,74:86:72,64:80:66,53:68:60,90:97:89,77:85:72,80:93:75,71:82:73,31:42:43,65:87:75,56:71:64,63:81:69,69:86:68,44:65:55,57:74:62,94:103:85,130:122:104
85:95:84,115:112:92,136:128:109,111:114:94,102:103:83,85:91:77,108:110:91,109:111:92,70:95:74,88:97:90,63:68:61,95:95:84,113:113:96,142:131:109,110:103:84,114:107:88,87:87:66,108:104:93,131:124:98,128:121:94,145:133:107,93:90:70,111:105:86,108:110:94,93:96:76,114:119:100,100:105:88,70:77:60,92:87:68,104:103:85,142:126:101,136:126:111,124:121:106,62:74:48,112:126:102,109:108:95,200:200:178,137:134:116,146:148:134,124:121:106,117:117:101,132:126:108,160:155:126,90:90:69,141:132:104,101:96:90,71:86:73,63:74:60,73:81:66,95:98:89,90:90:74,99:101:80,99:101:88,113:102:82,71:86:68,78:90:69,59:75:68,57:69:57,62:77:71,60:76:66,69:94:78,61:77:66,92:103:87,65:84:65,47:65:51
106:103:87,136:137:115,102:113:86,126:121:101,122:122:99,60:71:67,113:109:88,76:84:63,113:110:93,101:98:84,127:120:101,144:136:117,115:111:94,130:120:98,111:113:93,91:92:77,70:75:66,97:109:95,115:109:87,109:106:88,121:111:86,119:107:85,83:92:74,121:115:94,146:139:112,100:103:84,79:94:75,129:123:100,96:99:82,111:110:91,108:104:86,95:94:82,102:98:81,122:117:97,151:150:141,64:83:71,139:136:117,146:136:114,135:123:110,136:129:115,62:80:61,95:99:82,129:127:107,148:142:123,115:109:100,112:111:91,111:113:98,121:114:98,92:92:82,92:99:85,72:76:61,141:126:94,136:120:93,121:106:77,160:139:108,168:147:116,77:83:74,60:78:66,62:76:66,63:79:66,61:79:64,47:61:51,82:95:80,65:82:67,65:79:66
128:122:101,147:141:119,120:117:96,88:106:82,105:103:82,114:112:97,95:106:90,66:90:64,84:86:81,130:121:108,143:138:118,107:113:95,145:128:108,140:127:105,113:108:91,89:89:79,108:100:80,152:140:114,134:129:110,125:123:104,103:101:86,114:108:84,71:84:68,89:95:81,100:98:83,73:85:63,81:85:71,84:97:75,156:157:126,150:147:129,127:125:113,116:114:98,105:102:91,86:88:77,59:82:66,41:63:50,147:141:122,172:170:147,144:152:141,147:142:122,106:103:90,119:112:96,120:115:96,73:76:62,52:63:65,61:67:64,68:70:64,84:82:69,73:69:66,85:91:77,152:137:103,128:134:110,109:109:83,128:115:83,132:117:86,124:108:82,75:85:70,147:123:87,102:102:71,109:107:85,61:79:67,62:84:71,50:70:58,74:90:71,54:70:60
152:147:127,143:132:110,127:125:104,135:124:104,113:106:86,124:110:90,109:108:86,92:117:78,125:126:112,131:129:117,101:94:78,143:129:112,145:136:114,122:122:100,92:87:72,118:105:86,126:108:83,105:102:79,88:84:69,138:126:109,118:110:93,120:108:89,130:122:99,149:131:103,104:98:79,85:90:76,93:101:89,58:69:61,76:88:73,61:87:74,91:90:79,149:144:127,99:98:83,75:82:74,130:125:102,151:153:138,137:135:118,112:120:88,161:153:126,115:123:98,138:131:110,78:73:59,124:118:100,121:119:107,86:91:84,72:83:74,71:87:78,57:72:65,66:78:69,155:140:106,112:107:79,90:96:76,77:77:56,108:104:77,99:99:77,126:112:83,124:107:81,80:91:75,76:90:71,112:105:76,48:62:48,89:95:84,61:80:66,66:86:68,71:85:70
147:136:116,122:117:96,155:153:132,127:119:98,64:93:58,107:109:93,104:100:76,109:118:89,141:128:109,119:111:92,129:121:100,150:142:123,123:122:101,103:96:79,112:110:92,168:153:132,141:129:111,115:113:98,54:84:52,133:131:115,136:121:105,170:158:132,151:144:118,140:124:108,118:108:88,111:108:92,76:84:68,124:124:98,132:122:102,167:156:135,89:93:75,154:147:121,155:148:125,168:165:145,110:103:84,49:77:57,136:130:98,119:119:95,145:151:120,42:51:45,134:127:100,112:113:95,111:102:85,73:82:69,99:102:92,58:71:64,143:134:126,104:110:90,109:108:87,129:121:92,102:100:76,91:93:70,110:105:80,91:90:64,114:107:88,77:81:66,78:84:68,92:95:76,153:128:103,71:88:72,121:115:93,149:134:105,143:136:111,88:94:79,84:91:83
196:199:176,117:115:91,144:138:119,89:92:73,132:131:113,119:117:96,137:136:119,99:107:84,103:96:76,98:96:78,128:121:102,123:115:92,98:100:86,100:93:77,159:154:132,149:138:117,122:116:98,114:108:91,86:83:72,137:127:110,128:121:102,130:125:104,129:126:106,130:125:106,132:126:105,160:150:125,127:124:108,100:109:93,53:72:50,97:94:76,119:114:88,111:112:97,140:141:117,135:133:113,140:136:109,54:94:62,133:152:121,47:70:56,153:155:131,67:73:64,133:125:110,154:147:131,112:110:95,100:101:82,84:76:69,78:82:63,150:136:110,132:118:92,127:121:97,141:128:101,135:120:91,102:102:78,101:103:82,68:72:63,70:76:60,97:95:75,128:117:88,107:102:82,115:104:78,122:113:84,118:111:85,139:124:94,139:124:95,136:120:88,130:114:87
105:101:85,106:103:88,72:73:60,57:85:61,76:86:73,83:101:86,87:107:84,64:88:67,145:144:125,118:118:98,117:106:82,119:114:92,112:117:96,130:117:95,142:127:102,144:134:117,131:128:110,90:91:82,121:117:102,100:99:86,117:114:96,131:125:106,105:104:85,104:99:81,104:98:86,130:123:107,142:136:110,135:119:94,146:145:130,104:111:96,124:121:98,40:54:40,82:81:73,102:110:94,136:172:172,65:96:71,165:174:168,201:212:202,154:156:132,140:140:130,118:110:90,60:60:53,119:118:105,76:89:77,121:110:87,120:111:85,120:117:96,104:103:80,135:126:109,166:152:127,119:115:95,118:113:91,110:105:85,90:88:73,98:91:65,126:118:93,79:85:74,121:107:83,121:108:82,103:99:76,143:128:99,146:127:102,87:86:65,132:118:91,150:136:106
82:84:71,91:89:72,99:98:80,82:94:79,72:79:68,64:82:66,82:89:76,78:84:65,72:81:61,96:111:83,94:97:78,125:123:101,74:78:63,117:113:88,109:109:88,64:82:60,96:100:85,84:89:75,107:103:90,120:112:94,141:128:111,158:148:122,124:120:99,120:121:97,78:89:71,130:124:100,116:108:86,99:104:77,126:120:98,126:121:89,167:147:110,112:110:94,102:105:82,135:131:102,136:135:105,68:89:61,120:112:99,48:72:63,184:173:145,150:144:122,135:126:112,88:85:66,98:98:85,94:97:86,108:102:86,114:113:93,112:105:86,163:146:128,124:115:104,78:92:66,95:103:86,128:122:102,128:125:106,86:82:70,112:111:92,116:105:85,160:149:127,74:74:63,49:68:50,100:96:84,151:145:119,94:97:80,127:117:97,163:149:121,127:119:90
87:96:78,68:78:67,79:81:62,62:75:58,55:72:58,80:87:69,82:85:71,82:88:81,138:134:115,111:115:95,83:91:71,198:201:182,122:117:102,120:115:93,82:83:74,148:143:125,91:95:81,146:137:116,72:76:62,116:106:97,97:95:78,111:106:85,110:102:82,95:93:78,81:87:72,81:86:72,100:102:85,138:129:108,107:106:86,100:100:76,103:102:78,107:103:83,142:130:101,187:171:136,44:58:46,61:76:60,80:92:65,174:168:144,222:219:204,188:193:163,146:146:130,140:133:115,98:98:87,130:123:101,113:104:86,96:103:88,120:118:94,86:84:74,55:72:58,64:93:69,20:40:36,56:75:62,69:89:78,78:84:75,84:103:79,59:63:58,61:92:63,34:47:48,110:106:85,141:134:115,86:88:81,89:90:72,144:133:113,128:123:98,58:68:65
81:89:74,66:80:65,58:80:59,91:95:81,76:89:70,87:92:70,67:82:69,59:78:66,94:99:79,79:85:69,90:95:88,102:106:91,58:86:66,124:121:102,113:114:92,125:127:113,90:94:78,99:93:69,118:117:97,114:109:87,133:123:98,130:123:103,122:111:83,86:83:64,126:124:99,122:117:97,101:95:69,123:110:85,92:91:70,125:109:86,147:137:112,155:148:125,112:104:85,75:98:85,152:144:120,72:89:61,83:93:77,186:184:161,146:144:123,159:153:126,116:110:91,175:166:133,140:138:125,179:172:145,101:94:68,69:73:66,58:73:67,104:104:81,92:95:83,38:50:50,100:96:87,51:70:64,22:38:38,33:47:46,56:55:70,54:75:63,41:62:55,49:77:55,49:69:61,32:53:46,20:33:35,131:128:116,79:88:83,39:49:49,25:45:39
86:95:81,75:88:70,82:93:74,75:88:68,94:101:83,75:90:72,83:92:75,66:82:69,73:86:77,86:88:72,91:99:84,135:128:108,137:133:107,69:89:61,130:131:116,123:119:99,112:108:87,121:111:93,123:115:92,123:116:93,123:116:94,108:105:87,123:120:98,126:122:98,92:93:68,149:139:114,113:106:84,128:119:93,130:121:98,153:146:112,136:121:89,99:106:86,151:152:128,170:159:131,175:180:166,60:72:52,65:76:49,44:77:58,137:131:115,161:158:135,118:115:98,123:123:106,144:140:114,74:86:70,108:99:87,78:80:72,99:97:85,66:67:58,94:89:78,126:121:106,56:60:44,50:73:55,74:94:80,62:82:67,80:93:85,112:116:95,59:68:67,59:69:62,55:77:66,55:69:64,106:106:93,42:61:43,108:119:101,48:66:58,24:37:42
191:186:154,74:78:61,121:126:103,102:107:88,78:89:67,194:185:149,62:80:66,79:91:79,72:88:74,103:107:92,110:115:95,83:88:64,73:82:62,42:50:43,79:96:74,95:112:80,147:139:116,125:120:98,109:103:80,105:97:70,150:136:112,123:118:96,163:154:123,117:115:105,106:105:87,109:100:81,100:98:76,138:124:98,107:98:81,164:155:126,181:173:137,52:64:52,152:146:121,53:77:59,65:98:57,55:76:74,138:135:108,103:115:99,131:132:120,102:113:97,87:97:83,72:78:67,85:97:85,52:63:49,86:87:70,96:95:81,97:90:80,60:64:51,73:74:66,64:76:63,73:81:68,86:92:80,79:82:68,83:90:77,49:62:55,49:55:42,86:92:81,72:80:77,54:63:51,42:59:51,94:95:88,82:94:84,52:67:62,57:74:69,25:51:38
64:79:58,64:79:65,74:81:65,92:99:81,82:96:67,80:92:71,93:95:85,161:156:123,99:101:81,100:103:79,79:82:62,95:97:81,93:100:83,56:61:46,79:92:74,113:119:94,124:133:111,115:118:103,149:143:117,64:71:57,94:91:74,116:114:99,103:96:80,106:110:85,98:101:79,81:79:59,129:116:99,126:122:95,101:105:87,139:133:106,79:76:59,156:149:123,119:121:102,150:138:114,83:100:77,30:48:44,69:82:69,134:140:130,42:60:47,63:79:73,113:110:96,71:76:64,69:82:67,128:113:95,104:102:89,93:91:78,106:107:99,89:86:73,66:75:63,97:95:83,64:75:61,66:77:61,75:81:69,91:88:72,87:86:68,89:91:78,123:117:101,92:96:81,63:64:60,53:58:51,65:73:57,45:67:50,87:93:88,30:48:45,29:42:42
59:79:58,89:104:85,145:141:115,78:77:64,70:84:69,100:103:87,96:92:69,128:119:102,117:114:95,131:125:107,141:130:111,162:156:127,188:182:149,188:176:141,137:127:99,61:68:52,84:90:69,77:88:70,57:91:62,108:117:93,96:97:79,97:96:81,136:125:105,149:137:115,131:122:93,95:99:74,139:125:97,194:179:136,103:104:77,134:126:98,143:125:98,139:126:104,100:106:97,92:88:91,163:165:125,28:58:46,137:132:118,51:85:61,80:97:70,107:108:94,115:117:102,92:94:81,119:111:92,87:86:68,100:93:81,66:73:59,66:77:62,85:87:75,97:98:81,67:74:61,69:81:63,79:87:72,114:100:78,108:112:88,96:105:86,46:62:62,78:91:76,73:69:55,77:79:66,80:88:76,142:137:118,77:83:70,71:76:68,52:62:56,43:59:51
66:76:65,178:165:130,60:74:57,68:86:72,118:113:96,89:88:70,95:100:79,78:81:66,98:100:86,66:72:58,135:133:120,142:134:112,121:116:96,102:96:83,132:124:106,102:96:74,74:79:62,83:77:59,56:68:56,127:120:102,120:118:97,134:129:109,140:136:108,122:117:95,139:132:106,137:139:127,164:151:117,172:149:108,118:122:105,123:115:87,119:121:83,138:142:113,211:214:212,150:155:143,160:155:121,54:96:57,126:129:119,48:75:59,40:66:61,54:61:48,75:78:64,47:61:46,112:109:94,107:103:85,108:105:96,112:109:94,79:81:68,59:65:47,96:98:84,139:132:114,76:84:69,64:77:67,107:106:88,123:117:90,69:79:68,66:73:62,79:81:68,97:103:91,88:88:77,60:70:62,63:77:60,55:71:58,92:90:78,53:61:57,51:76:60
88:88:64,41:58:49,64:72:55,122:119:102,105:103:79,78:81:70,95:92:74,97:102:88,85:88:71,178:172:148,117:112:92,96:99:81,111:113:100,113:112:100,68:79:74,90:99:88,105:100:89,97:102:88,62:73:61,70:83:64,138:132:106,143:132:105,131:126:106,133:128:106,131:121:104,177:168:141,130:130:98,111:106:81,95:88:73,134:120:88,124:123:102,60:79:68,154:157:139,211:210:197,163:154:126,27:47:40,127:130:116,115:118:92,91:90:68,91:98:76,84:81:61,89:87:72,84:88:71,126:121:97,160:153:126,135:128:107,118:116:101,90:85:72,104:102:84,87:87:73,77:88:71,59:71:59,83:86:69,80:93:75,29:48:40,50:72:60,65:78:72,127:118:101,116:114:105,80:84:70,71:80:59,45:67:55,68:84:71,76:80:73,57:66:59
44:60:56,114:110:90,63:73:57,95:92:76,108:107:88,108:108:89,111:106:87,122:121:94,126:122:102,121:125:93,99:96:85,83:92:74,107:107:92,95:99:88,86:92:81,129:126:113,93:90:75,80:83:66,70:80:69,60:71:67,108:114:94,67:102:65,83:104:75,145:137:116,111:109:89,91:95:76,121:112:89,175:163:129,152:143:114,122:113:80,136:129:103,186:185:172,82:92:69,60:87:69,161:152:114,28:43:44,126:128:115,78:99:67,120:117:105,120:116:104,138:134:114,119:117:98,104:105:89,82:83:65,90:84:68,83:84:63,102:107:89,131:128:97,139:137:114,104:100:83,107:98:79,126:110:87,67:80:62,105:111:88,39:49:50,55:77:58,47:70:55,44:61:51,90:93:80,95:98:86,105:108:91,74:83:69,99:104:95,66:78:68,55:70:62
94:95:87,79:81:65,89:90:72,95:96:80,119:121:105,72:79:71,71:75:65,104:110:94,114:113:95,79:83:74,199:194:165,197:192:170,58:67:46,87:90:75,107:107:95,130:125:106,73:75:59,56:64:53,78:84:74,107:106:91,74:90:77,87:88:73,115:118:91,89:113:89,93:95:73,117:112:91,140:134:105,121:119:92,126:130:103,65:89:59,111:114:80,182:195:177,84:79:64,113:120:89,53:61:64,85:95:94,71:80:53,61:91:63,92:99:84,110:105:83,98:91:67,132:127:105,143:134:117,135:127:104,100:98:85,116:115:98,91:83:72,96:91:71,80:81:69,109:106:86,94:95:88,78:82:64,96:100:75,79:87:65,55:67:67,57:72:59,37:55:49,46:68:48,90:96:92,75:89:76,77:80:63,113:104:83,74:91:73,92:98:83,66:84:70
67:76:64,100:108:94,108:101:81,75:84:70,100:109:94,76:78:68,83:85:72,41:63:42,62:69:54,73:80:64,72:81:70,78:80:73,103:105:85,99:98:85,83:87:74,111:109:91,116:113:99,156:140:115,63:90:58,62:77:67,101:97:93,95:97:85,110:105:79,39:45:39,44:70:49,117:119:102,99:98:81,96:98:79,109:101:80,120:116:87,127:125:95,27:32:29,19:30:35,58:78:58,106:106:84,44:57:52,106:117:101,138:131:115,82:91:80,95:95:77,106:106:98,119:113:98,112:109:92,140:133:115,85:83:72,124:122:101,132:126:105,106:103:76,128:123:94,102:104:91,96:94:79,127:114:89,68:83:63,130:123:102,83:78:57,126:119:104,51:63:58,38:57:51,63:72:60,64:75:61,143:132:104,126:118:90,121:116:87,106:100:79,144:129:99
70:80:69,88:91:74,90:92:81,45:51:41,74:77:71,94:92:71,56:84:62,77:81:64,78:86:65,87:90:75,115:111:85,109:103:87,100:100:90,171:157:131,130:121:104,58:73:68,61:79:64,43:67:45,67:91:69,70:78:67,117:113:87,110:114:99,125:112:90,85:89:74,143:149:112,66:98:57,158:154:134,128:125:100,125:122:102,129:128:101,123:123:96,144:134:106,146:155:142,140:140:114,29:69:44,42:67:58,128:126:105,130:144:124,124:125:100,141:137:112,143:137:112,80:81:67,100:96:83,144:132:108,82:76:62,94:95:76,103:98:78,140:137:119,131:123:104,128:123:103,86:94:73,126:121:100,122:117:97,110:110:92,144:136:114,97:100:81,88:93:78,103:105:94,85:93:68,165:158:132,152:147:117,138:133:102,155:150:121,142:133:110,130:125:98
47:60:50,101:100:89,113:108:94,110:114:97,83:88:68,94:104:83,91:94:77,63:71:58,77:79:66,110:109:81,113:105:88,122:117:98,111:115:98,49:71:61,102:115:86,176:173:141,57:69:63,75:89:72,51:61:45,74:77:61,116:116:90,73:76:56,83:84:71,103:104:89,103:105:94,82:86:72,150:146:123,126:122:98,124:118:94,100:115:84,96:116:87,172:177:152,141:148:133,143:137:111,62:89:59,22:44:47,58:78:63,147:144:120,134:127:109,133:130:111,136:133:114,126:123:105,141:140:122,101:97:79,93:92:72,102:92:70,125:118:90,126:124:108,85:87:74,79:85:70,89:86:69,123:115:95,118:115:94,92:96:73,89:87:65,114:109:88,135:131:106,127:125:101,155:146:115,143:136:110,110:107:92,135:134:108,115:109:93,122:113:87,142:132:105
84:83:63,74:76:70,74:84:73,85:85:67,84:85:65,97:101:79,81:88:75,70:74:59,107:106:85,134:127:105,76:92:66,92:101:84,51:72:64,53:68:62,62:77:65,48:69:57,50:69:60,56:77:61,50:67:55,107:107:89,69:84:67,60:83:61,99:101:86,140:135:126,141:140:115,121:125:91,118:107:87,124:124:109,109:107:96,108:103:83,92:91:73,93:98:76,166:165:142,32:64:56,159:154:123,50:73:62,125:125:110,109:106:86,105:118:100,96:98:86,128:128:108,122:119:102,131:127:106,107:101:80,132:132:111,125:119:93,113:111:94,102:104:85,79:80:59,101:95:74,104:100:80,112:112:85,90:98:70,78:87:63,103:93:67,114:108:83,138:129:101,130:125:100,123:121:89,137:132:105,138:129:106,137:125:102,101:99:74,143:128:103,116:116:85
96:99:80,51:69:63,67:74:58,76:88:67,66:80:62,76:74:56,77:82:79,83:83:57,129:128:108,97:101:78,94:100:85,59:82:66,59:75:64,57:78:64,54:72:60,58:81:61,58:74:67,46:65:59,61:74:64,65:78:63,57:73:61,69:82:72,52:65:57,85:91:84,98:93:73,126:111:91,132:126:101,76:83:66,114:117:106,121:109:95,57:60:48,85:87:75,130:125:100,63:75:55,147:146:105,71:89:66,77:99:76,70:97:75,127:134:106,75:76:68,112:110:94,98:96:83,46:65:51,144:130:110,150:142:119,133:128:106,119:117:92,125:120:101,90:85:66,91:93:72,123:113:83,111:111:86,99:101:80,78:73:58,88:90:68,144:129:96,132:123:95,154:146:123,141:137:109,146:136:111,132:127:105,149:141:116,154:147:127,125:123:98,125:121:92
122:112:87,130:117:91,92:91:73,88:86:68,88:84:78,94:93:76,98:96:79,125:120:100,108:106:85,79:88:64,90:95:76,135:139:123,75:83:74,55:73:61,53:75:58,55:76:67,72:84:75,86:93:78,82:82:57,89:94:74,108:102:77,102:104:77,135:128:103,138:117:93,136:123:99,73:82:71,120:112:81,137:139:117,120:110:102,114:116:103,112:111:90,118:103:84,124:114:90,89:106:76,31:45:47,78:94:70,65:84:65,128:127:107,112:111:93,82:86:71,93:96:78,86:89:76,108:110:89,67:70:58,110:105:84,122:123:104,136:127:104,127:124:101,103:99:74,116:111:79,139:130:98,104:101:67,123:126:101,85:91:73,125:115:89,133:117:84,106:105:81,146:130:106,145:133:111,142:129:105,139:135:104,120:113:91,123:117:91,115:114:84,148:139:114
73:87:62,99:101:77,104:101:84,103:103:80,86:81:62,93:92:72,111:107:83,104:101:83,125:127:104,103:103:79,92:94:73,73:79:69,67:81:66,59:75:65,45:66:59,82:98:72,80:86:73,75:86:62,80:79:58,119:118:100,109:107:84,76:83:61,80:92:72,118:117:97,132:120:92,93:96:75,142:148:120,94:96:83,108:109:91,85:78:67,98:94:81,138:136:112,134:131:102,47:83:58,86:78:65,87:115:83,97:109:89,144:142:122,139:132:108,113:112:92,142:139:122,145:138:119,70:72:61,121:115:98,101:103:81,110:103:83,97:99:78,101:95:79,145:139:109,92:96:71,117:116:97,97:105:77,104:104:80,119:110:88,147:130:100,143:126:100,137:121:95,117:112:92,143:132:110,152:146:123,152:142:122,133:122:102,97:96:75,126:118:91,156:147:118
102:90:71,89:87:73,84:86:72,103:101:87,117:111:84,71:80:65,78:79:80,64:65:51,119:114:103,125:127:110,75:82:74,106:110:79,76:86:72,80:84:70,86:95:70,91:106:85,77:86:65,94:104:83,91:103:83,84:87:68,99:101:70,122:130:108,113:118:96,81:86:69,117:116:92,130:118:94,96:99:91,122:113:100,85:108:76,130:130:113,136:128:110,148:146:119,160:152:128,169:165:137,99:109:82,112:109:90,68:77:57,149:146:126,143:137:109,156:149:130,165:158:133,117:116:91,117:116:103,132:132:114,137:128:108,100:99:80,71:84:72,115:113:90,102:103:87,77:77:59,132:125:104,144:137:111,122:112:87,144:127:102,123:113:89,112:108:78,141:125:99,126:117:86,144:137:112,133:122:95,138:136:109,122:118:95,113:107:83,135:132:104,137:131:106
126:118:97,95:96:75,129:123:98,135:127:106,92:91:74,118:110:86,116:112:89,137:125:105,81:88:72,77:86:67,108:111:89,154:139:117,104:106:85,88:90:69,104:112:90,92:104:85,88:95:73,111:108:83,99:99:73,105:106:75,116:113:94,120:112:89,101:106:81,107:102:80,82:93:76,126:119:104,157:142:113,129:127:100,166:162:135,136:129:108,116:117:91,170:169:149,164:166:145,32:46:48,129:137:114,92:103:78,101:112:90,41:55:57,115:125:96,126:119:95,98:103:86,99:100:79,144:140:115,117:116:97,101:94:71,102:103:85,117:112:92,131:129:106,113:111:87,139:136:115,146:132:105,112:112:85,151:135:119,142:131:104,115:111:89,119:111:88,136:122:96,127:116:97,145:132:106,117:109:82,132:127:100,106:103:84,146:140:118,137:137:106,119:114:90
140:134:112,127:121:95,132:125:104,122:119:101,80:75:62,127:123:97,131:125:97,103:99:77,84:103:75,108:104:83,140:130:105,96:101:80,96:100:81,93:98:75,104:108:76,90:94:72,56:71:46,52:70:51,113:115:99,76:84:67,81:90:69,99:112:78,134:127:106,120:116:90,129:127:102,130:127:113,112:111:93,90:104:85,118:115:84,121:116:94,122:119:89,172:172:154,72:87:72,78:115:75,62:69:63,78:105:74,86:102:92,71:102:61,106:111:80,52:63:54,105:104:86,87:90:83,108:102:89,95:97:86,137:130:110,112:108:96,112:111:93,82:82:68,87:89:75,139:130:111,130:126:103,106:101:79,103:98:80,114:110:88,129:131:108,118:107:85,127:116:97,151:139:112,118:114:85,122:118:88,158:149:128,125:120:100,142:131:106,70:81:58,104:98:69
139:132:109,146:138:115,125:117:95,113:107:90,133:126:108,111:103:80,150:140:107,146:136:107,145:133:109,114:99:78,147:138:113,138:132:104,119:118:94,127:123:95,145:140:110,94:99:76,103:105:77,104:97:76,118:113:84,149:134:103,135:124:102,86:86:71,84:92:73,104:100:78,116:110:95,130:121:98,107:113:99,102:106:92,127:119:100,176:173:146,160:164:141,74:95:75,180:179:162,135:137:119,107:122:84,96:119:84,137:143:125,60:98:57,61:68:74,111:112:106,90:91:78,116:107:99,131:123:100,157:142:122,77:80:60,86:88:76,74:78:62,115:114:96,100:99:87,136:122:93,146:141:110,123:121:100,118:112:96,148:145:119,117:113:96,119:107:85,137:124:104,115:107:88,135:126:103,120:114:94,139:131:101,130:123:97,108:101:73,117:117:89,99:95:69
140:133:114,103:96:80,123:115:94,145:135:104,136:129:112,106:100:76,122:112:81,113:102:76,138:135:107,133:126:104,101:91:66,139:132:113,107:114:90,72:80:59,101:101:77,122:122:98,114:113:91,96:103:77,128:124:98,78:90:67,145:136:103,124:110:88,105:99:78,82:88:62,108:105:87,97:102:79,147:145:120,127:117:98,111:109:88,73:76:54,160:170:151,160:164:149,170:173:153,165:161:132,70:84:67,80:110:74,94:95:77,78:89:72,105:102:87,114:109:87,79:93:68,100:98:75,107:100:91,74:76:67,91:91:79,73:74:66,64:74:62,104:97:71,128:120:96,112:105:89,141:135:118,79:84:73,125:123:96,37:43:43,92:92:82,114:99:79,129:118:94,120:115:86,134:124:99,156:148:125,95:95:71,90:98:74,132:127:108,127:118:105,100:101:80
79:81:73,114:119:105,54:70:50,115:108:86,141:135:109,80:86:68,133:123:89,127:113:88,125:121:97,148:138:114,142:138:113,140:137:115,139:135:113,73:87:64,85:94:72,122:121:99,114:116:91,92:101:77,120:126:105,177:179:153,129:126:93,168:159:132,117:112:88,148:143:121,140:134:105,146:139:117,134:128:103,169:173:151,126:137:120,75:92:68,176:177:158,95:116:105,86:96:86,86:109:75,91:98:75,93:93:76,108:111:92,147:141:120,134:124:101,89:87:69,91:93:81,103:99:85,111:102:90,120:112:93,121:114:94,110:109:97,151:135:110,115:107:83,146:136:109,117:107:90,93:89:73,105:108:82,110:109:95,76:89:70,110:110:99,149:136:118,127:121:91,112:105:82,133:128:99,101:99:75,82:96:70,96:98:76,99:101:77,112:111:88,101:103:76
104:107:90,122:123:104,150:141:121,127:125:110,131:131:108,67:69:45,103:103:80,133:130:104,137:128:97,109:105:78,145:143:118,149:145:119,121:113:91,111:105:85,67:75:63,89:91:80,99:103:96,52:68:61,119:120:94,85:88:85,107:109:95,77:83:61,97:96:76,90:99:72,84:94:66,95:113:88,135:134:114,50:81:56,173:162:150,115:127:123,157:165:157,32:56:54,52:74:69,58:79:69,79:78:73,109:107:93,96:96:85,90:91:78,95:97:81,89:87:72,101:101:80,121:110:88,139:135:110,100:100:76,140:133:117,99:102:92,150:136:113,145:141:116,104:107:83,139:131:108,98:95:78,132:129:104,119:117:93,30:50:40,114:108:93,161:143:121,142:136:104,96:89:71,167:162:130,153:139:113,111:107:82,107:103:88,152:144:123,108:103:80,117:115:94
57:64:54,36:54:38,138:134:109,63:66:45,107:106:92,122:117:93,92:93:75,101:106:81,81:80:63,70:69:61,107:106:89,77:79:68,98:110:93,100:102:91,98:100:86,75:85:73,90:97:80,91:83:74,62:70:57,77:85:59,117:110:90,108:110:89,88:88:64,106:113:89,137:127:98,158:138:108,56:79:68,173:164:142,185:190:176,171:171:151,104:115:107,23:32:31,105:107:95,122:111:88,130:111:84,103:85:52,154:139:109,99:96:75,62:63:50,126:122:104,102:96:82,143:128:111,104:125:98,61:74:66,106:108:91,96:91:80,121:120:103,146:144:121,129:128:110,84:86:74,134:126:114,126:121:101,156:157:136,114:115:101,97:95:85,133:117:91,134:119:94,120:120:89,125:111:95,103:113:89,128:126:102,139:137:111,139:123:100,134:127:105,116:112:93
123:118:99,99:99:87,104:104:90,91:94:76,123:125:110,100:100:87,136:127:100,105:108:82,53:53:48,55:81:54,33:40:33,105:100:87,104:101:83,112:109:93,124:114:93,140:133:105,121:120:98,87:96:77,75:84:67,66:87:71,81:94:78,79:89:71,117:112:95,150:140:109,141:136:106,170:167:146,163:166:149,179:184:172,188:182:158,91:96:78,141:137:119,100:92:67,117:111:85,116:114:91,137:126:111,134:112:80,101:99:84,110:106:86,69:71:64,76:86:76,60:73:63,60:76:66,66:82:74,105:110:95,53:66:55,103:102:83,84:86:73,96:108:90,95:98:91,113:111:99,109:115:105,119:116:101,153:151:134,116:117:94,153:138:112,132:121:99,144:132:112,133:125:102,146:138:120,97:99:80,95:99:79,99:95:75,118:112:97,130:116:95,139:133:111
119:123:108,130:122:99,117:111:92,77:79:66,92:89:73,79:78:63,87:85:67,119:119:98,101:102:84,94:88:68,99:106:88,86:85:65,128:129:101,102:101:83,108:106:81,100:102:80,86:94:72,115:115:91,109:108:90,117:123:103,126:121:99,98:102:83,125:127:99,111:106:84,129:122:98,66:106:70,168:169:155,128:125:100,128:139:108,101:103:81,71:80:59,135:123:99,146:131:102,126:118:95,144:141:126,99:98:80,105:106:91,98:95:82,88:94:83,73:74:69,104:101:90,146:134:112,65:71:64,53:68:55,119:121:103,100:113:85,122:116:93,131:125:103,63:73:64,71:72:64,93:97:82,74:72:58,136:123:107,115:116:100,114:114:100,131:123:103,136:131:104,136:128:109,127:120:98,99:103:81,157:141:118,114:108:88,143:138:119,124:117:99,112:113:95
147:141:122,106:108:93,113:114:96,120:115:100,84:78:62,84:87:74,72:83:66,124:126:104,135:127:96,120:113:91,121:118:89,112:108:79,121:120:92,102:101:80,94:92:70,159:153:121,128:122:95,138:140:116,118:121:101,105:107:87,99:98:77,95:98:81,140:143:116,111:116:94,120:119:94,44:69:61,145:142:124,122:128:101,81:105:91,87:95:68,115:116:98,158:139:117,154:138:112,132:122:106,116:117:99,121:117:101,58:61:40,63:72:66,83:86:78,96:95:85,86:86:82,50:51:43,60:70:68,104:105:90,96:99:84,116:116:101,135:129:110,118:107:87,66:77:73,130:121:101,148:135:115,121:117:106,113:114:94,83:86:68,107:102:87,120:116:95,94:104:78,87:80:65,81:86:69,94:86:67,96:98:86,73:70:62,111:107:88,98:92:74,80:83:67
62:64:53,59:64:61,43:61:45,32:38:31,131:128:109,111:110:97,94:95:79,119:120:96,148:142:110,110:112:81,120:114:88,115:112:93,99:98:80,115:110:88,98:89:71,123:121:96,110:107:79,116:118:97,107:109:88,134:129:113,71:78:60,119:124:101,111:118:94,86:91:68,124:123:102,54:84:51,87:98:82,144:149:126,71:94:76,88:89:68,130:130:106,129:118:98,122:116:94,152:142:120,175:166:137,124:126:114,111:112:104,92:97:75,54:68:57,40:49:44,98:96:91,99:98:93,91:95:80,121:121:102,97:98:82,98:105:86,73:77:61,132:127:106,107:98:82,130:124:102,110:108:91,154:145:135,117:115:102,21:31:37,26:36:42,35:48:48,82:88:77,110:110:98,89:87:75,109:111:97,74:80:69,63:73:62,82:85:74,71:72:61,118:109:90
95:91:76,97:99:80,89:90:77,95:93:78,78:74:61,126:124:104,91:88:80,119:114:83,117:109:86,132:128:102,144:145:123,125:118:90,135:128:104,114:114:91,117:115:96,125:119:94,101:101:82,117:124:96,100:104:81,85:90:73,130:126:105,85:98:74,107:106:80,62:97:62,137:140:117,68:91:60,64:78:66,140:138:119,80:111:80,125:125:101,139:131:112,144:140:115,123:117:102,138:118:89,150:143:116,90:90:74,53:65:54,100:104:90,68:74:63,57:70:59,81:83:78,115:108:93,136:130:101,102:107:93,123:128:105,80:76:64,81:85:75,129:126:114,107:104:91,109:108:84,94:90:77,98:109:78,64:72:62,110:108:95,65:82:76,36:59:46,94:99:92,92:89:74,115:112:94,132:125:109,133:126:111,92:90:67,99:95:76,101:97:80,113:106:87
125:122:107,119:117:96,149:137:118,110:111:95,107:106:87,107:104:85,81:81:63,94:94:82,139:132:103,121:114:91,136:133:112,131:127:99,94:94:70,95:96:74,154:144:119,113:118:96,122:119:94,111:110:90,128:133:113,95:103:82,75:93:69,89:97:73,122:125:103,71:96:58,95:96:80,89:98:79,152:159:135,63:78:73,148:150:129,53:75:56,143:128:107,105:108:81,135:130:105,145:140:121,115:93:65,133:122:98,95:96:82,69:79:70,82:81:64,92:89:74,149:139:111,143:139:110,113:107:94,105:106:97,73:100:75,62:68:54,93:98:93,50:72:51,56:65:54,60:78:65,13:31:20,74:82:67,63:76:67,92:93:80,55:66:60,74:82:72,113:104:85,143:124:100,142:127:106,156:142:119,136:128:104,143:128:109,116:109:90,144:131:109,106:100:84
106:102:90,73:73:63,93:93:84,138:133:109,99:99:85,119:113:99,121:114:95,108:107:91,117:116:96,122:114:90,123:121:99,135:132:114,120:128:107,131:129:101,120:122:102,77:78:57,137:135:113,108:112:94,95:96:75,98:102:79,108:116:90,96:108:89,91:95:76,101:100:79,90:94:76,128:129:106,94:100:73,65:94:62,163:161:139,127:132:106,83:105:83,138:140:116,115:122:92,105:104:94,152:140:117,120:107:92,129:122:102,121:116:94,152:140:121,135:131:105,147:133:111,119:108:83,90:84:81,122:124:108,116:124:111,49:67:60,106:108:95,20:38:40,15:34:32,93:100:82,74:86:73,94:109:97,98:106:87,107:107:89,104:106:80,105:104:84,115:110:81,97:87:62,98:93:78,146:146:125,135:128:109,118:111:91,124:112:90,137:120:96,134:124:109
89:85:74,122:115:96,139:132:106,119:117:94,125:122:103,133:126:108,140:134:115,151:143:119,120:120:100,144:137:109,143:135:112,119:119:98,102:105:89,135:128:100,122:121:99,110:108:85,129:129:102,146:147:124,87:100:83,123:130:114,83:96:76,88:99:82,82:94:81,96:99:85,88:91:78,110:113:95,128:122:96,75:88:72,147:139:115,80:89:74,74:86:70,155:157:143,118:126:112,133:143:112,140:139:112,112:107:82,121:113:90,102:90:69,139:134:105,122:118:91,134:128:94,122:118:94,127:124:104,90:90:72,121:123:99,102:98:94,31:55:43,74:79:74,92:92:81,91:87:83,93:97:90,123:119:109,121:104:85,107:105:84,106:100:85,143:130:111,112:115:92,104:103:85,61:78:57,80:93:76,82:92:73,95:98:75,139:122:105,116:100:83,121:113:100
122:124:103,135:130:111,156:149:130,93:98:80,125:121:101,85:87:76,98:95:77,125:119:97,89:84:73,160:156:127,154:147:118,104:108:91,108:111:97,115:112:99,119:123:101,153:152:131,113:113:89,96:108:98,106:107:90,69:78:59,97:100:78,93:99:82,136:129:114,98:105:87,78:85:74,114:102:86,88:87:72,65:80:62,63:82:76,70:76:55,53:84:54,145:137:108,133:137:130,65:76:45,111:107:95,111:108:90,160:152:131,114:112:89,94:97:79,126:125:107,132:125:97,132:128:103,111:105:80,99:96:66,94:99:93,44:64:55,68:74:71,83:81:68,105:107:90,99:103:89,121:125:113,110:107:87,82:84:73,66:83:63,112:110:103,155:148:130,115:112:95,68:76:63,116:118:105,130:123:107,95:92:74,96:99:89,77:78:72,90:93:76,86:89:75
115:110:91,143:140:121,152:145:127,107:103:84,90:88:73,84:83:71,128:124:108,83:90:85,100:98:82,119:113:88,101:106:72,155:158:136,129:120:98,119:118:94,153:148:126,102:106:84,130:128:108,65:80:61,108:105:90,93:89:79,100:100:79,86:92:74,92:91:73,96:102:84,71:76:64,121:113:94,123:114:92,126:121:95,87:104:81,101:113:86,84:103:81,76:98:69,68:90:62,78:102:73,54:70:68,122:117:104,151:147:119,118:114:95,102:98:84,146:139:121,129:128:107,112:109:92,113:105:91,115:115:94,114:111:98,66:72:65,86:84:77,135:128:110,70:73:62,27:50:42,34:59:55,41:61:56,32:54:45,23:42:45,52:72:63,125:128:103,62:74:61,86:89:78,60:70:65,63:67:59,52:51:50,110:103:89,114:121:105,69:79:70,121:124:109
161:150:132,145:135:114,92:94:76,79:79:67,128:124:110,111:108:92,112:109:92,91:89:70,108:104:80,92:89:70,84:83:66,126:120:95,79:82:59,108:115:88,158:161:140,168:171:152,93:96:79,71:86:71,115:113:90,96:100:81,78:88:71,79:93:72,116:100:74,133:127:107,117:116:95,119:108:89,109:101:72,87:98:74,78:97:70,113:102:82,112:109:91,163:160:139,116:120:109,101:114:93,51:62:58,98:103:82,111:111:87,134:119:96,128:121:100,132:125:99,123:118:99,134:128:103,134:126:107,123:124:97,30:35:28,48:65:55,33:35:48,53:60:62,48:64:60,47:62:61,43:63:54,51:71:67,63:65:70,35:60:54,79:91:86,14:33:30,42:65:57,32:54:52,44:71:57,48:62:56,22:40:45,44:67:54,84:96:93,60:78:58,47:64:51
148:150:118,91:85:73,103:104:88,138:137:117,120:121:104,79:84:67,129:121:98,88:89:75,118:120:99,137:132:114,118:111:92,124:124:108,142:132:106,112:116:86,121:124:98,110:105:83,114:122:100,100:112:94,84:95:81,73:89:66,83:86:66,120:114:85,131:119:93,135:125:102,87:93:66,104:95:77,101:95:77,71:84:70,113:118:87,128:128:101,175:169:142,165:168:146,109:114:102,137:144:133,59:77:76,82:84:70,128:123:103,123:118:96,117:114:94,113:111:90,122:120:99,128:121:103,117:116:95,66:93:69,53:63:63,63:75:66,39:60:55,45:47:41,81:84:73,77:88:82,46:61:51,35:54:50,39:65:54,46:74:59,39:59:54,18:34:36,29:55:49,37:57:51,35:58:41,84:92:87,38:62:52,90:92:74,37:62:43,52:60:45,82:89:78
114:110:91,88:90:78,78:81:74,92:95:78,115:114:96,139:135:114,136:128:112,113:111:93,87:87:70,99:99:81,124:115:96,108:110:89,108:105:86,91:87:66,85:90:70,63:82:57,96:108:86,129:123:94,127:112:90,89:86:70,134:122:100,99:98:85,101:101:80,101:99:80,113:114:98,111:114:92,119:120:96,99:104:86,89:96:73,110:116:78,81:97:68,132:127:107,129:133:112,38:71:46,71:77:69,114:109:87,124:126:105,134:130:105,119:114:92,148:137:112,129:130:101,67:91:68,49:62:52,65:77:68,55:70:62,50:67:59,73:86:75,72:88:75,56:71:60,100:107:90,116:114:96,46:64:60,42:69:59,38:60:53,37:64:51,39:60:48,46:60:50,44:75:56,37:61:51,38:61:50,52:71:59,48:70:61,29:54:43,67:86:68,48:73:58
124:119:100,69:77:67,81:84:73,150:148:133,134:133:113,103:105:91,131:124:106,148:142:119,125:124:107,143:138:115,127:124:105,87:83:69,89:90:72,78:79:65,76:88:76,148:143:118,132:123:98,129:118:96,132:123:94,129:117:93,104:96:77,113:104:87,104:102:89,109:105:78,68:72:55,122:115:87,100:101:87,75:82:73,111:114:93,149:138:112,171:169:144,155:153:132,144:146:128,53:80:58,128:119:104,122:118:98,138:130:111,106:104:83,46:70:51,61:81:69,62:75:65,68:76:65,73:75:62,100:96:80,84:95:79,92:91:73,53:69:56,107:108:93,114:109:90,160:146:122,97:101:81,60:84:67,60:81:66,43:53:49,65:92:75,50:79:64,80:79:63,54:71:55,35:59:43,120:111:95,48:70:54,51:79:63,45:66:59,41:63:56,110:106:94
