# French Gulch, CA terrain sample
# Source: Mapzen/AWS Terrarium elevation tiles
# Post office lat/lon: 40.701291, -122.638465
# Extent meters: 3200.0
# Units: elevation meters
666.913,655.458,638.532,621.615,604.411,581.587,561.841,536.133,566.171,591.180,608.469,632.471,659.977,691.288,721.497,749.691,777.765,802.570,822.771,819.594,792.649,758.030,726.830,694.608,665.225,638.735,615.754,609.425,600.487,576.620,546.110,516.106,490.863,460.859,437.306,432.668,419.665,420.104,421.846,427.907,430.739,431.000,431.029,432.236,433.737,434.572,434.018,434.404,435.473,451.173,465.904,466.251,472.411,482.088,495.405,516.997,522.168,539.482,543.688,530.585,526.334,537.049,528.798,508.768,526.600
656.221,643.361,636.819,623.921,612.536,590.422,568.762,541.517,550.254,580.501,601.258,628.299,657.315,689.114,717.047,744.431,770.064,795.503,813.486,811.099,781.927,749.781,715.356,684.305,652.406,622.552,594.457,577.958,574.010,556.717,532.267,503.872,477.292,450.711,436.089,420.676,420.119,421.839,427.618,431.005,441.156,439.727,436.810,435.648,433.327,433.439,433.460,433.601,434.560,434.105,442.796,445.505,450.087,460.069,477.418,489.459,494.003,510.536,516.420,509.099,500.600,506.002,498.953,489.241,518.403
658.838,639.946,627.412,611.994,606.644,592.790,574.133,549.911,537.831,569.532,594.828,624.170,654.608,687.116,715.189,742.457,768.639,794.510,811.398,806.658,776.992,746.033,713.282,681.006,647.060,612.282,580.075,552.959,543.175,533.349,517.794,496.362,469.269,440.735,433.642,419.634,420.995,426.170,429.099,435.359,461.671,473.983,466.325,453.401,442.134,441.086,446.818,461.649,466.548,450.730,439.153,442.962,438.824,446.865,459.632,464.139,470.144,480.447,488.396,489.390,477.333,479.072,475.898,480.946,502.390
666.324,647.444,631.374,611.595,589.902,583.748,569.264,548.425,531.039,561.085,589.083,620.513,651.651,683.110,712.571,741.292,767.639,793.066,810.709,805.051,775.676,744.850,711.816,678.600,645.449,611.602,572.471,537.431,517.491,510.488,499.851,485.777,463.086,438.201,420.317,420.024,424.565,425.988,430.324,439.000,474.074,496.728,498.432,490.768,481.700,479.291,489.219,500.015,499.418,484.470,468.163,473.838,464.824,442.310,442.360,446.201,451.192,456.430,463.702,466.192,457.109,456.251,458.492,467.856,482.267
665.136,644.895,629.395,613.401,594.657,571.650,561.050,544.068,523.743,551.108,582.269,614.024,644.913,677.170,706.844,734.504,759.041,784.192,806.750,807.768,777.615,745.976,712.923,679.042,645.418,607.291,574.795,543.086,517.606,492.798,481.976,472.068,456.373,437.433,417.841,422.544,424.675,426.117,431.470,449.367,485.492,513.738,525.658,521.294,515.169,515.324,524.464,532.631,528.158,513.174,505.031,505.528,495.357,472.100,468.485,460.272,449.548,444.656,445.671,447.514,448.572,453.054,449.361,452.241,460.250
664.671,647.145,631.321,613.472,596.591,578.380,556.887,532.904,518.001,542.327,573.432,603.633,636.739,666.130,696.125,720.866,743.559,769.693,795.430,809.179,782.323,751.482,721.237,688.385,657.197,623.359,592.574,565.364,537.428,509.966,486.533,462.344,447.418,436.436,418.415,423.889,424.676,427.048,433.626,462.935,495.923,528.248,551.117,551.026,548.491,552.686,559.813,563.801,554.443,537.371,536.084,535.847,524.801,513.028,501.097,489.087,480.281,464.556,457.924,469.889,482.782,481.170,465.948,454.701,451.702
676.739,657.261,635.045,614.844,598.198,581.484,563.818,541.384,515.665,533.255,562.520,594.349,627.153,653.721,680.513,703.623,726.695,754.022,781.048,799.383,786.042,760.911,731.462,698.094,665.380,633.648,602.906,569.763,537.917,506.384,482.360,460.421,441.956,435.915,418.027,420.857,424.670,428.002,437.205,472.167,505.875,539.977,571.767,580.931,582.818,586.961,591.838,591.720,580.843,565.120,561.520,564.296,555.636,544.956,533.844,518.093,508.546,489.408,486.639,504.293,515.470,514.100,501.922,475.300,466.976
682.805,660.679,634.812,612.646,593.739,577.727,562.938,542.707,518.341,523.611,554.932,585.094,613.057,638.927,660.675,685.702,711.824,739.592,767.589,787.328,781.085,759.834,732.426,699.641,661.479,626.550,593.408,556.239,520.743,490.668,472.029,461.678,450.745,438.818,425.497,419.010,424.659,428.556,437.480,477.565,510.914,545.841,582.321,606.480,613.967,618.212,619.093,614.455,604.802,592.411,589.943,593.234,586.904,575.702,558.274,547.989,537.404,525.584,528.446,540.460,549.017,544.203,522.428,508.705,506.021
686.252,661.864,638.230,614.638,589.628,574.838,559.890,540.442,517.460,514.522,541.393,567.854,592.640,616.251,640.645,664.760,696.876,726.660,753.848,773.382,761.850,742.605,719.182,693.349,660.206,627.313,590.927,559.678,529.746,508.418,493.057,479.012,460.947,438.650,426.851,418.594,424.441,428.488,437.706,474.952,509.001,543.513,579.192,609.966,634.337,642.739,643.452,636.334,626.383,617.782,617.530,620.084,616.226,604.681,584.984,576.300,564.716,561.846,569.007,578.376,578.748,566.321,540.669,539.487,536.914
679.554,660.922,639.147,613.733,587.610,573.302,558.477,538.077,514.607,514.619,545.075,569.386,593.093,617.772,645.629,671.665,700.809,729.437,757.054,754.959,738.123,718.451,697.522,675.204,654.480,632.259,607.130,579.579,556.710,533.204,510.691,487.573,459.882,438.075,426.717,418.577,423.814,427.821,435.426,467.970,502.064,536.327,570.338,601.245,628.921,646.532,662.151,656.651,646.623,641.578,641.579,641.441,638.209,630.732,619.004,604.872,592.919,592.711,603.093,609.448,603.081,584.120,563.322,568.378,560.102
658.663,648.741,634.519,610.617,587.718,571.779,554.871,532.728,509.917,518.757,554.133,583.947,607.183,635.581,662.083,688.844,712.351,729.344,743.119,738.612,714.222,692.968,672.290,652.453,633.137,616.477,602.199,588.719,568.860,542.763,513.859,483.734,450.157,435.632,426.086,418.579,423.129,426.997,433.825,458.602,493.727,525.341,558.304,588.764,612.419,632.875,649.877,664.039,664.313,660.015,659.837,658.065,655.834,652.276,646.998,636.801,628.249,629.825,636.122,636.543,625.084,602.991,589.548,593.521,579.785
636.180,627.736,617.454,602.778,586.687,569.475,550.153,525.491,501.107,517.261,546.970,569.906,591.278,621.946,658.477,685.291,698.060,706.820,722.878,730.140,702.807,668.083,645.921,627.075,609.207,592.943,578.841,570.179,563.171,545.794,517.458,488.885,448.901,434.476,425.465,418.584,422.517,426.440,432.721,447.773,483.732,514.932,543.288,569.286,591.767,610.221,629.921,656.975,680.986,679.717,675.629,674.397,674.211,672.931,671.706,664.354,656.448,659.024,663.120,660.219,646.105,625.528,619.982,619.151,598.905
612.548,606.015,597.513,586.938,572.463,562.732,544.929,515.401,491.552,510.335,531.582,559.552,589.427,621.556,650.337,661.195,667.269,678.385,699.738,714.770,704.127,671.371,640.231,609.307,584.305,566.103,553.121,546.003,543.065,534.238,518.808,491.104,451.027,434.796,425.756,418.590,421.955,425.947,431.756,441.921,476.933,504.786,528.423,547.755,564.978,585.018,615.070,648.296,679.240,696.591,694.751,693.884,697.402,700.130,698.985,692.762,688.128,691.627,689.736,680.326,664.677,652.129,650.897,641.279,614.239
604.770,584.961,577.034,571.597,557.764,548.527,539.037,509.778,488.003,512.226,543.750,574.500,602.469,621.962,626.780,629.868,637.482,653.872,682.449,696.763,699.664,682.254,653.239,623.289,593.218,562.845,535.284,519.501,516.408,508.968,509.870,491.420,457.935,435.767,427.703,418.653,421.807,425.431,431.024,439.405,471.005,493.509,510.304,525.560,552.264,579.770,609.818,641.835,672.686,702.429,717.324,721.236,726.249,732.743,731.465,727.162,725.448,723.792,717.382,703.949,687.600,680.802,676.962,661.248,639.689
595.461,574.735,558.008,555.814,545.229,533.356,528.890,500.326,489.827,520.084,553.582,574.781,588.489,601.245,592.333,602.618,611.986,647.844,664.895,663.996,678.571,687.367,659.625,625.896,590.669,562.853,543.736,519.568,498.546,486.386,485.318,483.948,464.910,436.850,429.490,417.266,421.830,424.966,430.215,438.545,461.880,476.596,492.564,520.204,547.361,572.360,599.213,630.935,661.273,693.283,723.377,739.069,746.481,755.534,756.959,754.938,750.177,746.491,738.974,725.623,711.082,711.023,701.159,681.974,667.375
577.017,565.929,548.616,534.966,538.546,517.536,514.671,489.705,492.619,524.511,545.393,549.975,567.954,573.846,562.804,583.130,613.710,641.122,640.640,632.793,653.483,680.248,662.030,628.559,593.829,564.544,540.546,525.593,514.790,492.422,469.291,462.039,456.292,438.093,430.870,416.217,421.638,424.531,429.277,435.331,451.064,470.474,488.387,510.195,534.262,560.148,586.879,617.997,651.143,682.939,711.286,728.004,738.087,751.761,759.095,761.097,761.379,761.301,758.175,746.986,740.122,736.248,723.057,705.480,695.492
557.632,542.367,539.486,526.829,520.897,516.197,496.271,480.126,497.303,520.811,529.759,535.961,558.587,550.622,556.639,584.919,613.222,626.280,614.754,605.257,634.207,662.514,665.845,638.534,611.644,582.145,559.497,531.816,510.212,501.236,492.069,472.099,450.945,438.484,432.990,416.142,420.915,424.253,428.891,436.359,461.549,487.246,505.824,523.909,543.014,563.453,584.617,614.626,646.259,676.936,701.890,706.723,716.809,729.371,741.552,751.759,758.312,761.090,761.656,761.699,760.874,758.093,746.624,734.799,723.682
541.886,527.514,521.095,516.520,508.717,512.737,491.782,478.066,500.528,515.842,511.831,534.420,542.330,534.768,553.072,582.463,607.098,603.539,585.748,591.891,625.334,653.216,658.069,646.985,627.409,600.686,575.634,549.162,526.126,507.105,485.435,479.052,467.967,450.318,436.107,416.074,420.011,424.166,429.013,436.263,463.244,491.009,515.574,541.428,563.214,585.379,607.117,629.779,656.360,679.770,688.027,690.452,696.776,705.166,718.749,733.423,744.502,752.805,757.393,763.045,772.540,776.099,770.382,760.568,750.026
518.084,517.888,506.923,504.571,490.872,497.692,487.056,476.546,496.755,508.538,510.323,525.912,525.529,524.881,551.787,579.057,587.629,578.113,558.673,586.145,617.463,638.940,632.338,624.579,623.295,610.270,586.100,562.216,539.289,518.322,494.884,469.853,461.493,464.257,437.654,416.503,418.333,423.994,429.126,435.588,456.108,485.978,514.429,543.966,572.467,601.580,625.336,643.909,660.839,666.898,672.060,674.547,678.739,686.944,698.275,711.247,730.195,740.655,748.413,755.581,775.303,788.664,792.423,787.099,777.304
495.849,501.636,494.543,490.436,485.601,490.905,479.688,476.387,490.757,489.870,502.921,514.402,509.568,523.105,551.077,565.827,563.025,551.530,544.425,578.191,609.335,623.251,607.344,592.633,603.349,600.454,574.450,543.890,523.360,510.857,496.168,470.791,446.342,448.377,438.931,414.959,416.784,423.538,429.155,436.521,464.002,491.798,517.330,545.629,578.573,609.192,631.405,636.122,640.875,649.876,656.735,658.846,661.157,669.882,684.942,700.823,718.599,732.687,741.324,750.323,769.228,789.074,803.794,807.376,800.395
480.892,484.434,485.059,480.563,478.358,477.391,470.865,470.513,485.749,484.002,494.980,495.173,497.836,524.088,542.865,540.468,534.704,522.954,537.303,570.280,602.541,616.135,593.524,563.774,575.062,582.213,567.211,538.498,507.571,484.095,480.452,466.610,442.297,436.829,430.094,414.969,418.057,423.314,429.111,436.728,465.081,494.094,521.283,550.347,583.087,603.501,607.407,609.498,617.143,628.763,638.069,640.371,642.915,654.232,675.124,693.045,707.005,718.147,732.997,740.427,753.453,768.765,777.680,789.957,801.618
494.996,478.300,472.829,471.865,468.881,466.890,464.005,464.358,468.432,472.849,489.302,485.950,497.622,518.254,526.015,515.052,504.202,505.910,535.743,570.052,600.308,613.013,581.552,544.123,542.325,548.100,546.871,535.124,513.240,484.146,461.224,451.368,438.600,433.660,424.625,414.619,418.193,423.054,428.715,435.496,458.881,492.463,522.001,553.323,574.797,579.708,577.793,580.334,590.156,603.526,612.846,617.129,624.815,643.325,663.945,679.296,687.354,695.622,708.912,721.592,732.402,741.223,751.416,769.193,777.404
529.687,518.002,510.538,500.316,498.855,494.030,488.745,471.017,461.234,462.787,473.848,479.165,489.630,507.157,505.049,490.217,486.466,519.302,550.502,580.352,605.668,604.588,571.737,534.391,509.333,511.954,511.785,509.972,503.527,489.717,471.538,459.686,447.803,436.959,424.502,414.261,418.420,422.948,428.111,434.126,447.859,485.810,519.219,543.768,553.836,549.932,546.256,548.980,558.910,569.800,580.410,587.799,604.286,622.652,640.205,654.695,664.703,668.823,676.002,690.409,705.679,712.425,733.011,746.398,748.654
563.545,553.689,543.217,526.518,531.133,528.186,519.774,500.440,473.071,459.448,462.694,466.812,478.735,491.389,484.296,472.492,498.620,526.281,554.436,585.526,612.549,601.757,569.903,535.877,504.129,486.025,482.411,483.442,482.438,477.175,469.055,463.283,448.884,436.886,423.996,413.983,418.157,422.771,427.663,433.024,439.881,478.136,511.871,528.876,525.237,519.948,516.018,515.580,522.351,530.859,538.359,553.053,577.566,594.092,606.495,620.743,636.405,638.774,646.801,664.145,677.856,690.291,713.881,720.583,720.625
597.394,588.555,567.031,556.659,563.058,558.251,547.316,527.293,497.816,468.748,457.651,459.720,466.663,474.738,468.738,464.613,487.126,512.841,547.395,583.143,606.955,602.670,576.207,546.570,517.241,492.366,472.522,462.313,460.638,458.049,454.230,449.630,444.110,434.489,423.436,413.577,417.957,422.523,427.572,432.578,438.050,472.432,498.578,501.770,495.702,489.209,485.155,484.733,488.057,500.289,508.619,525.391,543.380,559.717,572.652,588.462,598.502,604.040,620.340,633.635,645.975,669.271,685.765,691.773,691.443
623.642,608.426,588.775,588.797,592.178,586.891,574.113,552.047,520.248,492.976,475.110,458.697,458.932,465.238,461.153,469.052,496.040,520.812,549.515,568.443,579.281,584.785,568.821,539.992,516.807,498.963,483.733,466.141,455.169,439.376,438.671,437.881,436.937,430.091,421.439,413.288,418.155,422.866,428.332,433.868,439.608,468.799,478.303,473.546,466.086,460.667,474.454,492.472,510.253,524.540,534.409,539.501,541.080,546.376,555.628,564.884,574.000,583.146,593.276,604.491,622.836,640.596,654.013,659.244,670.953
642.259,624.605,608.015,620.244,623.848,614.537,599.029,576.092,546.290,525.908,510.870,488.846,453.017,456.008,454.857,464.570,484.599,511.010,532.294,542.625,549.318,558.386,558.684,521.015,493.901,485.981,486.966,473.585,465.065,448.528,438.986,435.897,432.465,426.777,420.476,413.911,418.335,423.523,429.192,436.498,444.035,457.940,452.819,446.150,461.249,481.303,502.945,525.459,547.155,562.511,573.252,579.451,583.371,586.675,587.665,590.945,607.847,622.132,626.858,638.389,645.412,637.932,650.494,674.515,711.061
659.300,642.525,638.990,650.936,651.340,639.688,622.162,599.650,575.533,555.187,533.959,500.818,464.220,451.110,450.522,459.576,481.318,496.025,507.013,510.080,515.102,534.291,544.080,519.923,489.084,463.843,466.600,467.828,465.174,455.027,444.332,438.170,431.517,425.377,420.029,413.398,417.725,423.399,429.365,434.891,438.080,437.528,439.689,461.347,483.290,504.211,527.976,556.034,580.883,597.356,610.393,618.347,622.656,621.605,612.109,612.201,636.067,651.870,658.698,664.756,674.910,669.301,672.663,705.192,741.604
678.573,662.825,670.091,675.249,671.619,656.573,642.352,622.394,598.808,573.837,544.215,512.167,484.301,468.431,449.279,453.459,464.300,472.270,479.865,480.488,492.094,520.669,540.015,522.362,494.218,467.891,460.768,456.567,452.035,448.494,443.267,437.651,430.746,424.234,418.928,412.324,418.057,423.951,430.284,436.102,439.433,450.261,468.258,485.219,504.170,524.924,550.515,581.917,608.483,626.924,640.814,649.376,653.347,649.373,637.866,637.273,659.737,683.428,692.013,703.708,706.150,695.334,683.749,715.199,757.305
707.327,694.461,698.539,697.446,687.556,673.322,655.400,634.603,612.172,584.957,556.329,531.449,513.887,498.979,481.732,446.395,450.957,454.865,457.553,461.685,485.717,513.609,529.747,523.792,503.374,481.056,463.992,454.516,439.769,438.952,438.221,434.405,429.012,422.828,417.060,412.082,418.992,425.187,431.892,439.912,465.162,480.235,495.559,510.898,526.577,544.809,570.710,602.667,630.673,651.272,665.106,676.985,683.411,679.011,664.316,658.531,681.502,707.274,722.204,732.050,735.433,730.631,715.277,709.601,744.886
731.562,726.708,725.366,715.499,701.053,677.131,647.686,618.845,603.172,590.211,573.194,557.774,540.314,524.355,503.086,475.775,447.030,444.410,446.404,457.538,478.439,505.597,519.796,515.568,500.272,483.608,469.522,457.685,444.989,438.425,435.012,431.572,427.162,422.158,416.794,412.363,420.172,426.464,433.519,451.708,486.108,510.085,525.103,539.175,554.419,572.386,593.367,622.073,651.840,674.251,691.099,703.940,711.058,706.834,690.796,681.119,704.545,729.371,749.011,761.918,764.487,761.609,750.974,732.605,742.883
752.380,751.475,741.408,724.233,701.591,668.386,636.749,599.911,580.160,563.631,558.493,551.280,539.727,526.212,506.790,485.061,458.260,453.288,440.520,448.814,470.688,494.435,505.016,502.805,487.463,477.908,464.828,456.278,443.966,438.499,434.588,430.469,426.118,421.717,417.071,413.157,420.924,428.200,435.938,464.663,500.558,529.846,550.552,568.124,586.075,606.783,625.745,645.300,671.294,697.164,718.144,731.803,740.066,737.805,719.063,706.206,727.889,756.347,776.463,788.234,789.543,785.324,777.416,772.202,779.726
775.161,767.537,752.121,731.890,702.341,665.399,637.665,611.263,591.046,568.139,546.038,532.888,518.624,507.111,490.325,475.345,467.343,469.774,447.380,438.425,459.213,476.394,479.210,480.272,470.385,470.678,468.131,459.867,448.001,439.991,434.886,429.989,425.571,421.355,416.553,413.653,421.924,429.976,440.220,478.323,508.463,534.903,562.285,588.930,612.347,635.296,656.348,674.667,696.279,721.809,743.262,758.177,765.514,759.655,741.849,729.594,751.711,776.191,801.352,813.494,815.437,814.871,812.628,811.307,817.348
795.539,782.007,765.932,742.369,714.317,686.662,661.767,634.237,612.513,588.090,562.938,537.220,517.338,507.744,500.687,496.953,492.176,478.148,457.148,436.440,440.981,451.288,456.660,458.192,460.396,467.174,467.418,459.792,448.006,439.645,434.613,429.791,425.204,420.759,416.656,412.016,422.061,430.861,445.991,485.037,513.825,545.276,567.066,587.531,616.461,646.501,674.883,698.661,723.734,748.713,769.030,783.414,787.939,778.609,768.779,756.956,769.283,792.612,820.823,841.990,846.842,844.839,841.147,842.533,845.213
812.964,795.422,768.409,738.821,711.916,683.624,656.082,630.654,607.156,583.363,560.718,552.802,548.539,540.015,532.996,525.138,508.948,487.146,466.995,441.627,434.469,435.744,439.860,441.454,453.641,463.770,462.778,456.687,444.593,438.244,433.965,429.320,424.461,419.465,414.557,411.737,422.109,430.996,447.686,485.782,516.348,551.238,578.879,599.996,615.848,641.506,674.226,704.940,736.399,765.837,789.338,806.551,810.843,801.556,793.292,786.255,789.326,808.540,833.200,865.561,880.387,880.444,878.281,875.453,874.473
825.729,798.626,762.332,726.116,697.615,668.116,644.469,630.930,612.098,599.564,595.097,590.099,583.109,572.933,559.971,542.203,515.449,489.043,467.705,462.175,446.062,436.829,432.590,436.063,448.136,465.275,464.405,458.998,446.242,438.848,434.329,429.188,423.761,418.630,414.347,410.913,421.478,430.390,445.953,485.064,516.732,551.216,582.944,614.841,637.052,655.386,677.598,706.626,733.439,769.993,799.969,823.728,833.376,829.156,820.177,815.554,817.208,828.424,852.482,880.589,905.545,910.597,910.149,907.080,903.246
832.109,801.070,766.054,725.706,695.697,688.885,674.890,653.983,636.808,630.579,625.473,611.909,608.794,594.824,572.058,544.797,513.960,498.246,490.772,467.250,461.717,454.074,435.689,431.184,438.475,457.865,466.722,466.117,453.508,442.214,435.629,428.727,422.740,418.332,413.561,409.926,420.801,429.443,441.282,480.938,516.312,548.108,582.866,618.300,647.781,674.345,703.383,732.199,756.314,781.579,805.444,833.574,852.968,856.254,850.006,845.744,847.452,857.941,874.471,900.985,926.056,932.368,931.820,931.194,928.803
841.242,805.652,772.482,746.318,734.308,721.970,701.001,678.135,669.702,660.820,654.238,647.097,634.486,605.985,577.579,552.826,533.310,509.608,486.976,484.470,484.035,472.344,451.488,431.651,430.830,437.711,450.724,455.286,450.246,442.538,435.902,426.654,420.995,417.901,412.940,409.245,420.608,428.308,438.139,474.114,511.815,543.656,577.542,612.669,644.448,675.375,708.713,737.967,766.725,794.549,820.628,843.106,863.747,878.864,877.737,876.043,878.623,887.044,901.619,916.131,927.339,922.483,923.354,931.369,933.565
854.579,824.076,800.080,781.810,764.912,747.233,722.004,707.653,698.884,688.317,676.454,653.937,626.356,597.318,567.153,540.791,526.042,509.871,509.543,510.523,506.091,487.306,468.771,445.481,429.139,427.415,432.707,436.428,439.232,438.784,431.086,421.992,416.378,415.853,412.197,409.462,420.068,426.879,436.146,463.985,501.380,534.090,566.840,603.494,632.615,664.540,698.545,730.496,760.982,792.462,821.101,845.920,868.269,889.557,903.037,906.914,910.817,912.570,912.372,912.759,904.466,887.629,889.831,906.033,917.890
872.143,848.031,828.313,808.913,793.409,772.101,752.001,740.149,724.576,701.599,675.275,645.839,612.459,584.148,560.754,559.616,550.733,545.543,542.083,534.915,523.079,502.518,481.441,460.377,441.519,430.426,422.986,424.441,426.128,426.038,422.269,418.194,414.483,412.921,410.475,409.285,418.597,422.949,431.319,452.299,488.788,523.321,556.664,592.692,621.987,652.518,686.693,720.500,752.449,785.595,814.992,842.469,866.321,888.366,910.564,929.904,929.302,917.695,906.929,891.133,868.693,858.002,861.898,884.241,885.321
895.074,873.184,855.381,838.054,819.312,798.376,781.187,760.622,730.742,701.022,669.890,634.160,605.835,591.869,589.907,587.540,581.263,570.227,564.300,555.297,534.513,509.448,490.328,472.325,463.319,446.237,440.841,428.808,423.007,417.996,416.611,414.999,413.058,411.314,409.494,409.266,416.964,415.350,425.865,447.990,483.154,513.062,541.924,575.928,610.035,645.672,679.159,712.588,744.446,779.145,806.365,832.789,856.676,877.658,901.318,912.938,910.505,899.433,883.188,867.218,844.410,828.093,846.992,858.371,855.474
912.667,899.931,881.715,864.136,843.303,819.612,792.475,759.418,727.904,694.948,661.031,631.985,616.954,611.190,614.096,608.684,599.151,587.827,580.999,569.713,548.022,522.115,496.327,489.771,479.217,465.474,451.744,440.052,435.164,437.549,441.910,437.053,414.919,411.642,409.476,409.298,415.568,415.423,423.282,442.256,480.055,508.616,543.374,582.154,619.020,654.672,683.983,712.877,740.262,769.131,796.732,820.938,844.484,866.984,888.045,896.339,888.684,873.671,857.468,840.054,826.885,800.542,827.082,832.858,827.902
925.816,915.412,899.768,876.969,848.612,819.664,786.145,755.700,728.264,700.972,678.781,656.759,633.335,637.043,635.315,624.987,613.001,605.941,598.808,584.067,560.952,537.574,514.914,509.732,493.384,476.719,462.447,450.494,446.797,449.588,462.469,446.038,429.909,413.137,409.342,408.913,414.213,415.485,421.987,455.222,490.460,518.218,548.271,582.290,613.659,642.836,672.034,702.883,734.202,760.830,783.844,806.746,833.001,857.387,874.380,876.660,863.509,839.617,826.486,808.563,798.908,780.258,807.639,805.483,795.216
931.000,928.117,904.647,874.702,850.725,833.649,813.002,781.710,752.989,725.525,699.342,672.774,660.568,655.245,647.693,638.374,630.606,625.455,613.367,591.013,568.227,546.767,537.478,520.277,505.649,485.563,462.338,457.156,453.147,453.051,454.434,446.405,435.677,413.289,409.446,408.124,412.951,415.272,426.470,459.739,493.317,522.975,549.571,575.802,601.243,627.527,656.684,690.851,724.896,749.367,770.601,795.226,823.362,848.023,857.489,857.962,840.351,807.655,790.717,782.088,765.659,760.258,783.349,774.084,757.752
911.282,920.733,912.858,897.238,880.055,860.956,835.170,801.516,769.770,741.011,709.815,689.431,680.258,669.571,658.507,654.156,649.938,637.332,609.025,571.273,548.390,529.917,516.170,509.179,503.913,490.116,465.613,459.617,455.096,451.118,447.541,442.135,425.651,412.492,408.925,407.862,410.327,413.610,432.575,465.916,498.268,521.985,543.367,564.643,589.630,616.954,648.860,682.257,714.884,737.129,757.397,785.145,813.746,827.126,829.326,830.068,818.285,790.623,757.827,755.746,732.499,741.909,757.489,743.886,729.948
883.344,900.592,913.557,920.518,903.980,876.601,845.662,812.422,780.511,754.289,730.874,712.915,696.943,683.012,676.489,669.965,657.381,635.177,605.223,570.300,540.789,513.803,495.970,486.421,489.565,480.128,464.015,463.358,454.670,447.906,443.650,435.844,420.882,412.074,408.034,407.695,409.537,413.756,433.429,465.125,498.333,526.046,550.353,573.794,598.880,627.158,654.014,683.756,709.513,730.529,752.724,779.859,799.745,800.727,799.255,799.884,798.268,773.057,737.382,720.852,706.931,724.351,731.389,714.648,709.432
855.999,882.577,908.556,929.719,917.135,888.536,856.181,825.332,798.927,775.403,754.295,732.806,712.514,701.206,691.849,674.516,653.626,631.685,604.122,571.834,545.910,521.020,500.457,485.341,479.885,470.631,461.236,457.403,451.249,444.006,438.040,430.117,418.588,411.575,407.282,407.560,409.251,412.047,422.231,458.549,490.149,520.619,550.558,583.920,615.762,643.895,668.715,691.357,711.639,737.431,759.467,773.291,773.732,770.700,767.330,774.482,779.605,755.872,723.244,692.778,682.183,704.974,709.073,688.580,692.268
840.468,869.630,895.685,911.025,916.828,902.042,871.580,841.580,817.326,795.163,773.947,751.560,731.606,716.400,695.430,672.618,649.196,626.922,602.962,573.346,548.281,527.946,511.388,494.014,477.011,464.050,455.688,450.271,446.775,441.428,434.311,425.701,417.419,410.999,406.391,407.455,408.877,411.255,417.015,449.581,481.928,514.940,545.275,579.938,615.524,649.616,678.473,700.190,723.787,742.490,752.273,748.302,743.690,736.732,731.717,750.209,761.551,740.728,710.695,678.337,658.553,681.954,682.457,660.816,668.840
822.088,852.353,868.835,884.671,903.561,908.597,887.377,857.829,832.764,811.963,790.285,764.719,740.847,717.472,694.466,669.757,643.290,619.917,597.167,574.221,553.491,535.620,516.957,497.197,478.490,457.562,448.407,441.484,441.776,441.255,431.546,422.145,415.310,410.540,406.057,407.203,408.802,411.233,414.564,445.241,478.636,513.324,542.130,574.866,611.860,641.928,666.069,690.258,719.696,736.886,726.027,713.558,713.288,706.962,707.790,727.527,739.234,723.916,696.640,666.249,638.840,653.462,653.800,634.777,643.969
798.713,819.430,833.065,854.758,883.057,904.813,899.363,870.665,844.313,817.317,790.616,760.816,736.922,712.464,690.392,666.386,641.254,616.027,592.702,568.731,543.105,522.658,507.014,489.735,472.222,457.680,445.237,435.844,433.817,431.752,423.506,415.689,413.325,413.021,408.443,406.906,409.344,412.204,416.050,448.049,483.458,516.786,545.087,575.114,600.181,622.685,643.218,670.579,705.598,726.464,706.991,680.860,681.474,677.901,681.031,705.532,715.014,703.258,679.517,652.439,627.298,627.807,621.028,635.301,663.999
767.335,782.798,798.195,830.759,868.189,893.461,897.823,871.149,841.680,809.167,778.223,749.887,724.940,701.119,681.960,661.204,638.541,615.941,594.379,573.788,553.518,532.026,512.071,491.421,473.064,460.665,447.550,438.266,424.311,420.020,415.189,413.714,414.586,412.908,406.908,406.867,411.274,414.547,433.327,464.562,495.495,523.459,543.463,558.714,573.529,594.469,625.679,662.744,696.175,708.487,693.257,662.708,652.234,648.225,662.654,683.210,691.654,678.818,658.571,636.322,612.136,605.780,615.692,646.651,679.811
732.331,747.424,780.708,819.777,856.872,884.726,887.147,867.440,835.350,802.202,765.149,732.151,706.175,684.240,666.267,649.518,629.303,606.271,583.507,561.906,548.158,537.500,518.459,496.303,469.350,455.688,442.169,431.802,419.215,414.132,412.792,413.921,415.394,409.157,404.803,409.214,414.776,434.520,456.633,479.904,497.949,510.891,531.357,551.090,575.840,606.857,635.932,663.843,677.842,681.131,681.209,653.514,626.247,625.516,643.628,666.109,669.895,653.117,630.881,614.658,597.308,590.207,620.931,654.977,689.445
703.963,737.508,773.271,810.745,845.567,878.463,884.925,864.271,831.774,798.552,763.476,730.074,698.320,667.270,646.872,633.588,617.121,595.095,573.351,552.802,533.718,521.493,507.525,490.177,470.702,454.524,441.492,419.382,413.574,411.354,410.916,414.843,412.568,404.361,408.067,414.970,438.324,457.610,471.016,482.691,502.661,523.692,544.683,567.865,594.532,623.176,643.114,656.159,646.904,656.017,664.484,643.623,613.156,605.549,625.630,646.373,643.944,630.487,608.301,587.732,577.263,591.004,624.104,654.108,688.940
702.430,734.206,767.021,802.334,834.550,868.080,883.565,860.654,828.076,793.942,757.392,724.384,691.842,662.448,636.656,612.309,600.592,584.041,564.656,543.949,521.024,502.617,490.848,474.402,458.721,444.043,428.817,413.813,411.305,409.172,408.237,408.565,405.835,407.296,414.060,438.756,454.354,465.232,464.177,493.940,518.926,540.524,561.044,581.596,607.150,630.919,640.934,630.629,614.841,634.577,647.613,630.630,604.100,591.057,610.898,630.065,613.356,604.396,587.876,566.854,581.192,610.023,630.699,652.980,680.549
692.446,724.666,754.844,789.111,821.608,855.787,882.488,855.699,821.538,786.534,748.720,713.398,680.893,651.586,623.819,601.750,582.240,563.441,549.500,531.645,510.080,490.780,477.434,458.550,439.995,431.581,416.528,411.894,409.148,407.030,405.759,405.047,403.476,413.569,439.142,459.112,465.214,462.783,478.573,503.796,524.126,541.687,560.976,579.068,599.041,621.990,627.443,605.059,588.609,614.233,630.278,611.089,586.841,577.884,599.400,614.238,598.466,580.665,567.954,556.286,580.562,610.932,638.457,661.359,688.151
678.445,710.695,739.341,772.555,807.405,845.155,878.734,854.792,818.512,780.954,745.818,711.640,681.345,657.257,640.197,621.113,601.563,580.720,563.799,545.048,527.075,508.687,491.433,468.576,451.018,429.372,413.858,409.763,406.763,404.691,403.626,405.452,417.229,443.342,457.328,465.351,463.751,463.056,478.786,494.434,506.284,518.754,534.894,555.154,581.117,611.801,612.347,584.646,575.912,597.455,611.709,592.925,568.145,566.058,588.274,603.194,590.368,567.115,561.661,548.728,569.858,594.123,622.270,644.728,667.580
667.516,703.562,736.421,770.950,808.839,845.310,865.671,859.070,825.789,793.380,762.537,737.026,709.988,689.407,669.686,646.656,622.137,596.750,571.980,550.436,526.970,503.985,484.711,471.079,447.119,418.991,411.571,407.742,404.571,402.725,407.726,421.722,440.798,448.608,459.607,462.276,457.241,459.355,463.036,481.623,486.362,507.405,526.730,553.160,585.605,614.345,606.648,577.580,558.423,580.119,592.929,581.651,556.018,553.715,576.262,582.185,573.547,556.111,547.690,536.558,559.351,580.119,603.904,626.796,653.793
676.114,708.498,740.115,772.004,806.460,841.469,864.573,865.108,841.552,810.816,781.809,757.886,734.856,710.179,684.410,655.087,623.068,591.616,567.743,548.871,528.599,506.471,484.012,466.089,435.832,414.065,409.868,406.326,403.167,405.524,415.786,439.010,442.750,446.350,449.412,448.886,445.164,462.850,479.091,499.833,515.857,529.574,547.398,569.362,596.444,614.783,599.217,571.170,549.650,562.535,580.397,567.961,543.601,541.547,559.889,557.595,549.523,535.997,539.705,535.872,562.949,584.839,610.310,634.762,664.710
668.063,698.201,729.747,764.135,797.772,833.140,863.544,878.769,856.551,829.182,804.329,777.156,744.671,711.888,685.771,655.079,622.200,594.553,572.914,553.675,532.847,507.854,481.957,460.279,428.412,412.816,409.030,405.193,401.778,407.271,419.166,439.630,439.330,439.496,441.039,439.684,442.526,466.440,488.165,507.366,524.703,545.200,567.136,586.838,601.585,605.181,584.675,560.264,534.016,549.160,566.023,555.931,530.689,528.395,541.892,534.636,530.139,524.371,522.983,530.716,557.327,587.865,616.451,645.796,678.972
654.819,688.094,724.578,758.706,793.158,827.366,863.742,882.037,865.358,839.758,810.167,779.508,747.317,715.281,688.088,655.939,624.883,597.430,575.582,554.415,530.087,502.702,479.748,459.739,428.722,412.858,408.660,404.546,401.304,407.469,416.021,427.538,433.180,435.564,437.061,438.849,447.952,460.291,469.774,486.216,509.912,537.330,567.889,592.446,593.943,585.254,564.871,542.737,518.835,538.644,554.134,542.576,515.849,513.803,521.399,514.493,509.731,509.212,519.053,543.996,569.382,595.858,624.754,657.004,689.447
653.459,687.123,722.862,758.001,795.288,831.026,867.627,884.085,870.008,839.680,807.503,775.793,747.844,718.881,690.533,657.088,626.213,600.016,578.120,555.032,531.348,506.779,483.830,460.564,426.545,412.772,408.458,404.417,401.009,406.515,414.945,423.172,432.040,438.272,439.286,446.266,457.082,465.580,477.043,498.158,525.135,551.137,578.784,588.330,579.735,565.945,547.374,524.874,508.303,530.544,540.201,525.863,503.112,495.903,498.729,499.572,513.114,531.227,545.203,566.949,591.436,617.911,643.343,669.332,701.893
668.920,705.213,735.887,768.499,802.402,838.825,872.247,885.310,869.848,835.286,804.146,774.813,747.562,718.829,691.110,659.167,627.758,602.203,581.154,558.880,536.120,509.903,483.025,451.830,419.631,412.345,408.736,404.884,401.142,404.838,413.881,422.528,432.250,441.884,446.030,453.358,466.690,481.283,499.425,517.770,540.439,562.644,574.301,560.267,543.388,543.984,527.629,505.018,491.438,519.584,517.596,502.552,488.208,487.835,494.276,516.572,535.944,556.356,572.548,590.157,609.732,636.640,660.318,686.979,713.343
680.358,716.203,749.179,782.552,813.883,849.679,878.779,885.390,871.911,837.324,806.330,775.737,748.057,718.987,690.207,658.761,629.434,604.129,582.723,560.582,535.375,508.656,480.610,452.213,424.240,412.668,409.741,406.183,402.507,401.722,411.696,419.199,428.486,438.097,440.750,457.140,471.240,493.867,517.814,537.818,557.599,568.240,566.876,542.541,511.652,518.108,507.119,485.919,490.622,504.346,493.451,485.232,495.467,512.607,525.415,539.052,561.842,579.445,592.071,603.991,618.117,633.779,653.790,680.915,704.912
685.114,720.014,754.327,788.044,819.778,852.073,873.205,886.216,877.399,843.195,809.126,777.887,750.362,721.004,689.399,657.899,630.938,606.163,585.173,567.712,546.860,523.303,496.027,470.223,447.758,416.045,411.988,408.355,404.401,400.022,406.265,413.314,421.225,431.190,440.125,465.628,486.189,507.554,530.028,552.385,565.773,566.967,562.246,537.031,499.456,489.701,485.528,472.126,478.335,481.972,484.163,493.270,517.557,535.960,549.840,565.913,581.310,590.764,591.873,591.256,597.355,612.159,633.726,665.792,685.742
687.410,722.113,755.205,788.690,809.436,821.302,845.041,872.450,881.604,849.296,811.349,777.938,753.114,724.141,691.570,659.654,632.286,608.431,590.771,570.919,550.754,528.192,502.431,483.735,467.018,446.488,417.178,412.048,407.200,401.693,401.174,407.869,417.106,427.727,443.924,470.237,494.522,515.661,533.256,538.155,549.847,542.543,544.129,534.909,500.545,476.823,468.881,460.227,462.584,474.810,488.995,510.624,535.524,557.247,566.837,572.743,584.470,580.923,573.082,564.433,571.083,593.560,625.035,655.500,656.974
